SYSTEM_ID,PERCENTAGE_UNPAID_INVOICES,PERCENTAGE_LATE_INVOICES,MID_YEAR_PCT,FINAL_YEAR_PCT,Attendance_Percentage,Predicted_CHURN,Churn_Probability
141541,0.0,0.0,70.66666666666667,59.77777777777777,89.41,0,0.0066738194
142849,0.0,27.27272727272727,76.33333333333333,76.44444444444444,96.47,0,0.19975805
142913,0.0,0.0,85.66666666666667,84.55555555555556,90.59,0,0.0054529277
145572,0.0,0.0,92.33333333333333,90.77777777777779,99.41,0,0.0009528879
145887,0.0,8.333333333333332,77.0,70.11111111111111,91.76,0,0.333561
146048,0.0,16.666666666666664,93.33333333333333,94.88888888888889,95.29,0,0.43823746
146832,33.33333333333333,0.0,81.66666666666667,73.55555555555556,95.27,0,0.084634736
146914,0.0,16.666666666666664,82.33333333333334,76.11111111111111,95.88,1,0.5391318
147226,0.0,8.333333333333332,63.66666666666667,60.333333333333336,81.18,1,0.89161706
147862,0.0,0.0,94.0,92.22222222222223,98.24,0,0.0011305463
147994,8.333333333333332,8.333333333333332,85.66666666666667,89.55555555555556,88.17,0,0.39892972
148226,16.666666666666664,0.0,73.66666666666667,69.55555555555556,92.35,0,0.1026285
149282,0.0,0.0,84.33333333333334,76.22222222222223,96.47,0,0.00298509
149987,100.0,0.0,0.0,0.0,0.0,0,0.091511354
150424,0.0,8.333333333333332,71.33333333333334,67.11111111111111,77.06,1,0.9001347
150893,0.0,0.0,85.0,94.88888888888889,92.94,0,0.0038607733
151233,8.333333333333332,58.333333333333336,91.0,87.66666666666667,98.24,1,0.9901473
151260,0.0,16.666666666666664,61.0,53.11111111111111,91.12,1,0.6697301
151737,0.0,16.666666666666664,93.66666666666667,94.44444444444444,97.06,0,0.20955975
151862,0.0,0.0,81.66666666666667,82.44444444444444,95.86,0,0.00280498
152093,0.0,16.666666666666664,79.66666666666666,79.77777777777779,97.63,1,0.5364962
152167,0.0,0.0,82.33333333333334,76.22222222222223,91.76,0,0.005552336
152871,0.0,16.666666666666664,90.66666666666666,80.77777777777779,98.24,0,0.39216694
154725,0.0,0.0,67.0,69.0,90.59,0,0.006390301
157304,0.0,0.0,92.33333333333333,93.88888888888889,97.06,0,0.0010521335
157640,0.0,0.0,80.66666666666666,75.22222222222223,93.53,0,0.010437232
158585,0.0,16.666666666666664,82.33333333333334,81.55555555555556,97.06,1,0.52359086
158880,0.0,0.0,86.1963190184049,91.84692179700498,92.94,0,0.0025333732
159037,0.0,0.0,51.0,43.44444444444445,86.47,0,0.10105966
160761,0.0,42.857142857142854,84.16666666666667,57.14285714285714,87.39,0,0.29389864
161715,0.0,16.666666666666664,84.33333333333334,83.33333333333334,92.94,1,0.69618016
162953,33.33333333333333,66.66666666666666,70.66666666666667,69.33333333333334,94.12,1,0.9891087
163923,0.0,0.0,86.0,82.11111111111111,90.59,0,0.0037650256
164537,0.0,63.63636363636363,89.66666666666666,92.11111111111111,100.0,1,0.68769133
164549,0.0,0.0,84.66666666666667,82.66666666666667,90.59,0,0.0052181375
164782,8.333333333333332,25.0,66.66666666666666,63.44444444444445,77.51,0,0.3268563
164896,0.0,0.0,76.66666666666667,71.88888888888889,98.82,0,0.003715478
165868,0.0,25.0,81.33333333333333,79.5,91.76,0,0.0153315645
166128,0.0,91.66666666666666,83.66666666666667,79.77777777777779,88.82,1,0.6962446
166135,0.0,0.0,88.65030674846625,89.1373801916933,91.76,0,0.0028002772
166191,0.0,8.333333333333332,93.25153374233128,94.88817891373802,94.67,0,0.12667704
166458,0.0,0.0,81.59509202453987,78.43450479233228,94.67,0,0.009756884
166837,0.0,0.0,75.33333333333333,77.55555555555556,85.8,0,0.007242367
166838,8.333333333333332,16.666666666666664,67.66666666666666,71.66666666666667,79.41,1,0.9810586
166981,0.0,16.666666666666664,99.079754601227,99.04153354632588,97.65,0,0.18449731
168123,0.0,8.333333333333332,62.66666666666667,61.55555555555555,92.94,0,0.30017024
168471,25.0,41.66666666666667,76.66666666666667,73.77777777777777,76.33,1,0.696897
168702,0.0,8.333333333333332,65.95092024539878,70.6070287539936,74.12,1,0.86699283
168793,0.0,33.33333333333333,81.33333333333333,86.8888888888889,97.06,0,0.36276045
169175,33.33333333333333,58.333333333333336,79.14110429447852,75.39936102236422,93.53,1,0.9863442
169813,0.0,8.333333333333332,94.78527607361963,94.56869009584665,91.76,0,0.08869894
169969,0.0,33.33333333333333,96.29629629629629,0.0,93.88,1,0.64383453
169978,0.0,0.0,86.1963190184049,88.33865814696486,95.88,0,0.0016450179
170528,0.0,16.666666666666664,83.74233128834356,84.98402555910543,87.06,0,0.41351473
170749,0.0,0.0,99.079754601227,99.52076677316293,97.06,0,0.0009392756
171100,0.0,0.0,66.25766871165644,68.69009584664538,82.35,0,0.023788814
171287,0.0,41.66666666666667,88.66666666666667,85.6923076923077,85.8,0,0.3554002
171883,0.0,0.0,96.93251533742331,96.1661341853035,95.29,0,0.0030896026
171886,0.0,0.0,84.04907975460122,79.3929712460064,99.41,0,0.0022830942
172289,8.333333333333332,16.666666666666664,73.00613496932516,75.23961661341852,98.24,1,0.95694774
172381,8.333333333333332,16.666666666666664,70.66666666666667,63.33333333333333,82.84,1,0.9842085
172384,0.0,8.333333333333332,92.63803680981594,94.08945686900958,96.47,0,0.05491099
172791,8.333333333333332,41.66666666666667,93.55828220858896,96.1661341853035,93.53,1,0.94548064
173058,0.0,8.333333333333332,86.66666666666667,79.22222222222223,88.17,0,0.097279795
173172,0.0,16.666666666666664,93.55828220858896,94.08945686900958,97.06,0,0.20955975
173309,0.0,8.333333333333332,68.71165644171779,66.77316293929712,81.76,1,0.9400655
173748,0.0,0.0,94.0,90.66666666666666,98.24,0,0.0011305463
174121,0.0,0.0,78.83435582822086,79.55271565495208,91.76,0,0.005604599
174405,0.0,0.0,89.57055214723927,93.29073482428115,91.18,0,0.0017612977
175225,16.666666666666664,8.333333333333332,71.42857142857143,73.1629392971246,63.53,1,0.96149516
175855,0.0,8.333333333333332,97.23926380368098,98.56230031948881,99.41,0,0.04272761
175856,8.333333333333332,8.333333333333332,84.04907975460122,87.8594249201278,85.29,1,0.9289543
176403,0.0,8.333333333333332,77.66666666666666,76.11111111111111,90.0,0,0.27239817
177484,0.0,58.333333333333336,94.1717791411043,92.81150159744409,97.65,1,0.71776664
178157,0.0,0.0,96.62576687116564,97.76357827476039,96.45,0,0.0010521335
178315,0.0,0.0,94.1717791411043,92.65175718849841,95.88,0,0.0010521335
179785,0.0,8.333333333333332,92.66666666666666,90.11111111111111,88.76,0,0.06408608
179904,0.0,0.0,83.66666666666667,77.55555555555556,90.0,0,0.004941175
180093,0.0,0.0,85.33333333333334,82.44444444444444,94.12,0,0.009171945
180118,0.0,0.0,92.02453987730061,86.10223642172524,95.29,0,0.0049683987
180942,0.0,0.0,87.42331288343557,85.94249201277955,96.47,0,0.0020367827
181028,0.0,8.333333333333332,91.71779141104295,90.89456869009584,96.45,0,0.057614256
181854,0.0,0.0,96.66666666666667,95.77777777777777,97.65,0,0.0011080207
182025,16.666666666666664,41.66666666666667,69.32515337423312,66.77524429967427,88.82,1,0.98324746
182086,18.181818181818183,63.63636363636363,77.66666666666666,78.44444444444446,90.0,1,0.99541336
182995,0.0,0.0,92.94478527607362,92.97124600638978,97.06,0,0.0010521335
183146,33.33333333333333,66.66666666666666,72.33333333333334,68.11111111111111,57.58,1,0.97403324
183409,0.0,0.0,89.70099667774086,90.73482428115017,81.66,0,0.008873506
183547,8.333333333333332,33.33333333333333,67.0,47.11111111111111,69.41,1,0.96682906
183969,0.0,0.0,76.33333333333333,68.11111111111111,94.12,0,0.0129582565
184113,0.0,8.333333333333332,80.67484662576688,81.15015974440894,93.53,0,0.39376384
184271,0.0,42.857142857142854,84.33333333333334,36.666666666666664,93.28,1,0.9058508
184436,0.0,18.181818181818183,86.50306748466258,80.03194888178913,87.06,0,0.004334532
184502,0.0,50.0,82.20858895705521,81.94888178913739,86.47,1,0.5829088
184733,0.0,0.0,88.33333333333333,87.33333333333333,94.71,0,0.005049164
185281,0.0,0.0,62.57668711656442,65.01597444089457,99.41,0,0.0027807902
185450,0.0,0.0,97.85276073619632,97.60383386581469,98.24,0,0.0010744787
186037,0.0,0.0,87.11656441717791,81.78913738019169,96.47,0,0.002212641
186274,0.0,0.0,78.83333333333333,75.44444444444444,89.41,0,0.005808667
186297,0.0,0.0,85.2760736196319,82.42811501597444,98.82,0,0.0028644456
186546,0.0,8.333333333333332,95.70552147239265,95.84664536741214,92.31,0,0.094118334
186647,0.0,0.0,92.33128834355828,91.85303514376997,100.0,0,0.0009528879
186955,0.0,25.0,81.59509202453987,89.29712460063898,89.41,0,0.010455027
187026,0.0,83.33333333333334,91.71779141104295,95.36741214057508,88.24,1,0.65651083
187091,0.0,9.090909090909092,82.82208588957054,80.67092651757189,93.53,0,0.39376384
187557,0.0,0.0,92.33128834355828,91.85303514376997,89.41,0,0.001853136
187631,25.0,41.66666666666667,77.66666666666666,75.22222222222223,95.29,1,0.73503184
187833,0.0,0.0,89.2638036809816,85.78274760383387,89.41,0,0.0028346435
188041,0.0,16.666666666666664,90.1840490797546,88.01916932907349,86.47,0,0.29906467
188166,0.0,0.0,96.0122699386503,95.0479233226837,96.47,0,0.0010521335
188591,0.0,0.0,83.43558282208589,80.03194888178913,94.71,0,0.009171945
189308,0.0,16.666666666666664,90.49079754601227,90.2555910543131,73.53,1,0.6873226
189501,50.0,0.0,52.5,0.0,29.09,0,0.08712703
189502,8.333333333333332,50.0,92.02453987730061,91.21405750798722,88.82,1,0.9768538
189639,0.0,16.666666666666664,93.25153374233128,95.84664536741214,89.41,0,0.30754086
189963,0.0,0.0,87.11656441717791,86.4217252396166,98.82,0,0.0020799965
190083,8.333333333333332,91.66666666666666,83.12883435582822,76.51757188498402,93.41,1,0.9947523
190307,0.0,0.0,86.80981595092024,74.92012779552716,97.04,0,0.0025203212
190308,0.0,8.333333333333332,95.39877300613497,96.96485623003196,94.71,0,0.12667704
190311,0.0,0.0,81.3953488372093,80.83067092651757,88.17,0,0.0024280178
190312,0.0,0.0,97.54601226993866,98.56230031948881,94.08,0,0.0023416393
190379,0.0,0.0,96.0122699386503,94.72843450479233,88.24,0,0.0008990532
190461,0.0,16.666666666666664,94.47852760736197,95.52715654952077,97.06,0,0.20955975
190507,0.0,0.0,98.15950920245399,98.08306709265176,96.45,0,0.0009392756
190624,8.333333333333332,33.33333333333333,94.47852760736197,92.49201277955271,91.18,1,0.8383598
190672,16.666666666666664,0.0,97.85276073619632,97.28434504792332,95.86,0,0.017406473
190950,0.0,0.0,99.38650306748467,98.7220447284345,98.24,0,0.00095922634
191242,0.0,0.0,86.50306748466258,88.49840255591054,93.53,0,0.0043641096
191728,0.0,0.0,92.63803680981594,93.29073482428115,91.72,0,0.0017612977
191936,0.0,50.0,78.52760736196319,81.629392971246,84.71,1,0.6593125
192105,0.0,8.333333333333332,99.38650306748467,99.68051118210862,98.82,0,0.045872692
192787,0.0,0.0,88.34355828220859,88.01916932907349,91.76,0,0.0028002772
193176,0.0,0.0,31.0,0.0,83.67,0,0.015815949
193346,0.0,0.0,80.06134969325154,87.53993610223642,93.53,0,0.008679301
193347,0.0,16.666666666666664,98.46625766871165,97.92332268370608,93.49,0,0.37138987
193809,0.0,0.0,97.85276073619632,97.60383386581469,98.22,0,0.0010744787
194054,0.0,8.333333333333332,90.49079754601227,92.33226837060703,88.17,0,0.04470467
194209,0.0,18.181818181818183,90.83333333333333,91.88888888888889,79.41,0,0.011546487
194462,0.0,8.333333333333332,82.66666666666667,81.22222222222221,94.08,0,0.39376384
194570,0.0,16.666666666666664,96.93251533742331,96.80511182108627,95.88,0,0.20955975
195643,0.0,0.0,98.77300613496932,99.04153354632588,97.04,0,0.0009392756
197137,0.0,8.333333333333332,91.1042944785276,90.09584664536742,76.47,1,0.697002
197589,0.0,18.181818181818183,82.20858895705521,83.06709265175719,88.82,0,0.007481048
197831,0.0,8.333333333333332,87.04318936877077,88.65814696485623,68.24,1,0.7221352
199017,0.0,0.0,90.1840490797546,90.09584664536742,99.41,0,0.0011776547
199341,0.0,0.0,87.42331288343557,80.19169329073482,93.49,0,0.0058644596
199344,8.333333333333332,58.333333333333336,84.3558282208589,83.54632587859425,76.33,1,0.99061126
199589,0.0,0.0,94.1717791411043,90.73482428115017,92.9,0,0.0019778777
199590,0.0,0.0,94.78527607361963,91.21405750798722,99.41,0,0.0009528879
199609,0.0,0.0,93.25153374233128,94.1717791411043,83.53,0,0.006585662
199716,0.0,8.333333333333332,88.66666666666667,87.44444444444444,98.24,0,0.12026253
200141,0.0,0.0,84.3558282208589,73.80191693290735,93.49,0,0.011874631
200362,0.0,41.66666666666667,80.06134969325154,82.10862619808307,94.12,1,0.5715332
201134,0.0,8.333333333333332,87.11656441717791,83.70607028753993,91.76,0,0.20959747
201501,0.0,0.0,69.0,62.44444444444445,90.0,0,0.00619967
202001,0.0,8.333333333333332,94.47852760736197,92.49201277955271,94.08,0,0.13241838
202208,0.0,0.0,89.87730061349694,92.49201277955271,92.35,0,0.0019778777
202209,16.666666666666664,41.66666666666667,87.42331288343557,81.15015974440894,81.76,1,0.9708657
202396,0.0,0.0,95.70552147239265,92.33226837060703,94.71,0,0.0027591793
202556,0.0,0.0,92.33128834355828,89.61661341853035,93.53,0,0.0034085584
202915,0.0,0.0,61.34969325153374,74.23312883435584,77.65,0,0.008711764
202918,0.0,0.0,98.77300613496932,97.92332268370608,98.82,0,0.00095922634
203115,0.0,25.0,98.15950920245399,98.40255591054313,97.04,0,0.0032662412
203319,0.0,0.0,83.43558282208589,88.49840255591054,82.35,0,0.019445993
203870,0.0,0.0,92.02453987730061,91.3738019169329,87.65,0,0.00024152946
204151,0.0,0.0,73.66666666666667,66.22222222222223,94.71,0,0.0129582565
204981,8.333333333333332,91.66666666666666,92.33128834355828,91.85303514376997,93.53,1,0.9941029
205045,8.333333333333332,0.0,96.31901840490798,98.56230031948881,98.22,0,0.015208277
205240,8.333333333333332,75.0,80.06134969325154,76.8729641693811,93.53,1,0.9947523
205483,25.0,41.66666666666667,67.79141104294479,71.8849840255591,84.12,1,0.58452165
205793,33.33333333333333,66.66666666666666,82.82208588957054,83.86581469648561,82.84,1,0.97883546
205902,0.0,8.333333333333332,92.33128834355828,92.01277955271566,75.74,1,0.6604447
205903,0.0,0.0,59.20245398773007,70.24539877300614,81.66,0,0.026883522
206496,0.0,0.0,98.15950920245399,98.24281150159744,74.12,0,0.0022392801
206527,0.0,0.0,94.66666666666667,93.77777777777779,97.65,0,0.0011080207
206798,0.0,0.0,94.78527607361963,97.23926380368098,89.41,0,0.0017612977
206858,33.33333333333333,66.66666666666666,82.20858895705521,75.87412587412588,85.0,1,0.95286405
207115,8.333333333333332,83.33333333333334,98.77300613496932,97.44408945686901,99.41,1,0.9884205
207155,8.333333333333332,33.33333333333333,55.828220858895705,64.41717791411043,64.71,1,0.9843349
207216,8.333333333333332,33.33333333333333,94.1717791411043,95.52715654952077,93.49,1,0.705136
207217,8.333333333333332,33.33333333333333,94.1717791411043,93.76996805111821,95.88,1,0.57074004
207400,0.0,0.0,84.3558282208589,85.14376996805112,91.76,0,0.005020831
207527,0.0,8.333333333333332,95.0920245398773,90.41533546325878,98.82,0,0.07165114
207659,0.0,8.333333333333332,94.78527607361963,92.81150159744409,94.12,0,0.12667704
207660,0.0,8.333333333333332,96.31901840490798,96.3258785942492,95.88,0,0.05491099
207712,0.0,8.333333333333332,79.4478527607362,78.91373801916933,91.18,0,0.28148764
207758,16.666666666666664,50.0,93.25153374233128,94.13680781758957,63.1,1,0.955787
208278,0.0,0.0,63.190184049079754,75.76687116564416,64.5,0,0.0097572515
208517,8.333333333333332,33.33333333333333,68.71165644171779,70.28753993610223,80.59,1,0.9798464
208669,0.0,33.33333333333333,89.87730061349694,90.73482428115017,90.0,0,0.34513372
208892,0.0,16.666666666666664,72.08588957055214,77.60736196319019,87.65,0,0.10366996
209127,0.0,0.0,88.03680981595092,86.5814696485623,85.8,0,0.003907499
209177,0.0,0.0,92.63803680981594,91.05431309904152,97.06,0,0.0011070363
209256,0.0,0.0,81.28834355828221,82.51533742331289,95.29,0,0.010792745
209491,0.0,58.333333333333336,95.39877300613497,95.84664536741214,92.35,1,0.81065583
209807,0.0,0.0,89.87730061349694,93.55828220858896,82.35,0,0.008627861
210330,0.0,0.0,88.95705521472392,88.81789137380191,86.47,0,0.0025087928
211028,100.0,0.0,0.0,0.0,0.0,0,0.091511354
211033,0.0,0.0,96.0122699386503,95.70552147239265,97.06,0,0.0010521335
211034,0.0,0.0,90.49079754601227,94.1717791411043,85.21,0,0.002915187
211236,0.0,25.0,94.78527607361963,94.78527607361963,97.63,0,0.0039994176
211420,8.333333333333332,41.66666666666667,94.1717791411043,94.40894568690096,98.24,1,0.9078091
211996,0.0,0.0,96.93251533742331,97.23926380368098,97.65,0,0.0011080207
212379,0.0,0.0,95.39877300613497,96.64536741214057,89.41,0,0.0017612977
212522,0.0,0.0,88.03680981595092,94.47852760736197,94.67,0,0.00353333
212689,0.0,0.0,86.80981595092024,92.94478527607362,94.67,0,0.00353333
212775,0.0,0.0,95.0920245398773,94.08945686900958,97.04,0,0.0010521335
212776,0.0,0.0,89.66666666666666,88.66666666666667,95.86,0,0.0013681132
212811,8.333333333333332,0.0,88.70431893687709,91.41104294478528,64.5,0,0.022737918
212905,66.66666666666666,0.0,0.0,0.0,62.5,0,0.11758295
212935,0.0,25.0,61.12956810631229,73.92638036809815,87.25,0,0.008992964
213614,0.0,8.333333333333332,86.80981595092024,83.74233128834356,69.41,1,0.7074873
213738,0.0,0.0,83.66666666666667,85.44444444444444,92.94,0,0.005610143
213740,0.0,0.0,91.41104294478528,88.65030674846625,90.0,0,0.0022897667
213793,0.0,0.0,94.78527607361963,94.78527607361963,92.94,0,0.0018798673
214174,0.0,0.0,80.06134969325154,76.99680511182109,96.47,0,0.00298509
214311,33.33333333333333,58.333333333333336,84.04907975460122,80.83067092651757,90.0,1,0.9754245
214313,33.33333333333333,41.66666666666667,71.0,64.22222222222223,91.18,1,0.9736319
214370,0.0,16.666666666666664,94.1717791411043,96.62576687116564,91.76,0,0.30754086
214376,0.0,27.27272727272727,89.2638036809816,88.49840255591054,97.65,0,0.13801262
214428,0.0,0.0,85.04983388704319,80.19169329073482,85.29,0,0.005708104
214531,8.333333333333332,8.333333333333332,89.57055214723927,92.94478527607362,90.53,0,0.36007574
214582,0.0,0.0,83.0,81.11111111111111,90.0,0,0.004643591
214634,0.0,8.333333333333332,91.41104294478528,93.55828220858896,95.88,0,0.05491099
214652,0.0,41.66666666666667,98.46625766871165,97.23926380368098,89.41,0,0.33823952
214781,0.0,8.333333333333332,93.55828220858896,92.02453987730061,93.49,0,0.13241838
214782,0.0,8.333333333333332,81.59509202453987,76.68711656441718,92.94,0,0.304593
214845,0.0,0.0,93.86503067484662,93.76996805111821,93.53,0,0.0026225545
215129,0.0,0.0,68.66666666666667,66.77777777777779,82.94,0,0.02409553
215216,0.0,8.333333333333332,87.42331288343557,86.1963190184049,92.35,0,0.2143717
215588,0.0,8.333333333333332,94.1717791411043,90.73482428115017,97.65,0,0.060492672
215912,0.0,0.0,82.51533742331289,84.82428115015975,90.0,0,0.0048526553
216048,0.0,0.0,98.46625766871165,98.24281150159744,95.86,0,0.0009392756
216467,0.0,8.333333333333332,93.25153374233128,94.47852760736197,84.12,1,0.5585333
216990,0.0,8.333333333333332,92.33128834355828,94.47852760736197,87.06,0,0.06041057
217266,0.0,0.0,96.0122699386503,97.23926380368098,98.24,0,0.0010744787
217594,0.0,0.0,91.41104294478528,88.49840255591054,89.41,0,0.0022897667
217737,0.0,16.666666666666664,89.87730061349694,92.63803680981594,95.88,0,0.20955975
217800,0.0,16.666666666666664,89.57055214723927,93.25153374233128,84.02,0,0.3865369
217912,0.0,8.333333333333332,95.0920245398773,95.39877300613497,85.88,1,0.5585333
218001,16.666666666666664,41.66666666666667,85.58282208588957,89.87730061349694,77.65,1,0.96890557
218193,0.0,25.0,86.1963190184049,74.92012779552716,94.08,0,0.02416163
218275,0.0,0.0,93.86503067484662,93.25153374233128,98.82,0,0.0010744787
218342,0.0,25.0,70.0,0.0,56.16,0,0.11521218
218391,0.0,0.0,94.78527607361963,95.84664536741214,99.41,0,0.0009056239
218393,8.333333333333332,41.66666666666667,78.52760736196319,80.83067092651757,90.59,1,0.9504938
219009,0.0,66.66666666666666,64.0,56.888888888888886,85.21,1,0.8351132
220072,0.0,18.181818181818183,85.58282208588957,85.58282208588957,85.88,0,0.010413812
220074,8.333333333333332,8.333333333333332,71.16564417177914,81.28834355828221,94.71,1,0.79138976
220076,0.0,14.285714285714285,73.31288343558282,25.0,85.71,1,0.8438575
220509,0.0,0.0,94.78527607361963,96.80511182108627,97.65,0,0.0011080207
220702,8.333333333333332,25.0,86.1963190184049,82.51533742331289,95.29,0,0.31820184
220704,0.0,8.333333333333332,97.85276073619632,94.24920127795528,97.65,0,0.057662617
220961,0.0,33.33333333333333,90.49079754601227,91.3738019169329,91.76,0,0.34513372
221238,0.0,8.333333333333332,83.74233128834356,81.78913738019169,90.0,0,0.2466167
221957,0.0,50.0,93.25153374233128,92.94478527607362,85.21,1,0.6848007
221983,8.333333333333332,33.33333333333333,73.61963190184049,80.06134969325154,94.67,1,0.97644186
222465,0.0,33.33333333333333,68.77076411960132,75.4601226993865,52.94,1,0.69766176
222792,0.0,50.0,79.75460122699386,79.3929712460064,86.47,1,0.5829088
222842,8.333333333333332,33.33333333333333,90.1840490797546,95.70552147239265,82.35,1,0.87122506
223291,0.0,0.0,77.91411042944786,77.30061349693251,90.0,0,0.005307234
223420,0.0,0.0,85.88957055214725,83.70607028753993,80.59,0,0.0041265013
223421,0.0,0.0,83.12883435582822,86.50306748466258,71.6,0,0.004865009
223527,8.333333333333332,25.0,90.79754601226993,92.63803680981594,82.84,0,0.15126035
223713,0.0,0.0,94.47852760736197,96.0122699386503,95.88,0,0.0010521335
223761,0.0,0.0,86.1963190184049,85.88957055214725,87.06,0,0.002251827
223762,0.0,0.0,84.66257668711657,85.58282208588957,88.24,0,0.0023359626
223830,100.0,0.0,0.0,0.0,0.0,0,0.091511354
223989,0.0,8.333333333333332,72.42524916943522,88.65030674846625,84.02,1,0.7752661
223990,0.0,8.333333333333332,69.01840490797547,83.12883435582822,85.8,1,0.7530375
224811,0.0,8.333333333333332,92.63803680981594,90.49079754601227,87.57,0,0.03638815
225678,8.333333333333332,91.66666666666666,90.49079754601227,90.73482428115017,72.35,1,0.98809147
225820,0.0,0.0,91.41104294478528,84.04907975460122,97.65,0,0.00193804
225821,0.0,58.333333333333336,89.2638036809816,94.1717791411043,98.22,1,0.7114913
225840,33.33333333333333,66.66666666666666,88.65030674846625,93.55828220858896,87.58,1,0.96103895
225912,0.0,41.66666666666667,76.68711656441718,78.09847198641766,74.71,1,0.7779697
225963,16.666666666666664,50.0,55.21472392638037,72.69938650306749,63.91,1,0.99059534
226037,0.0,0.0,80.3680981595092,88.65030674846625,90.53,0,0.0042669275
226081,0.0,0.0,89.2638036809816,93.61022364217251,92.94,0,0.0018798673
226108,8.333333333333332,25.0,84.3558282208589,87.11656441717791,90.0,0,0.17445466
226133,0.0,16.666666666666664,96.93251533742331,96.62576687116564,98.82,0,0.21306597
226179,0.0,0.0,91.1042944785276,90.89456869009584,92.31,0,0.0019778777
226195,0.0,41.66666666666667,72.39263803680981,69.6485623003195,65.88,1,0.8198034
226209,0.0,0.0,94.78527607361963,95.39877300613497,97.65,0,0.0011080207
226227,8.333333333333332,58.333333333333336,91.41104294478528,86.80981595092024,75.29,1,0.98804617
226246,33.33333333333333,66.66666666666666,86.80981595092024,92.33128834355828,83.33,1,0.97963184
226291,0.0,8.333333333333332,87.42331288343557,82.20858895705521,85.29,1,0.66612667
226394,28.57142857142857,42.857142857142854,77.83333333333333,0.0,76.92,1,0.9799182
226395,28.57142857142857,42.857142857142854,96.62576687116564,0.0,77.88,1,0.9574281
226549,0.0,16.666666666666664,96.93251533742331,97.54601226993866,92.94,0,0.32161242
226597,33.33333333333333,66.66666666666666,91.41104294478528,95.39877300613497,89.81,1,0.9826969
226651,0.0,0.0,95.0920245398773,96.62576687116564,95.27,0,0.0030896026
226822,0.0,0.0,98.33887043189368,96.1730449251248,91.12,0,0.0017612977
226833,100.0,0.0,0.0,0.0,0.0,0,0.091511354
226925,0.0,0.0,88.03680981595092,88.65814696485623,92.35,0,0.0031297752
227461,0.0,0.0,0.0,85.88957055214725,80.43,0,0.0051177144
227554,0.0,0.0,98.15950920245399,97.85276073619632,100.0,0,0.0009056239
227956,0.0,0.0,96.31901840490798,97.23926380368098,98.24,0,0.0010744787
228291,0.0,0.0,92.63803680981594,95.0479233226837,94.71,0,0.0026225545
229208,0.0,0.0,98.46625766871165,98.46625766871165,98.82,0,0.00095922634
229245,0.0,25.0,96.62576687116564,98.56230031948881,84.71,0,0.007153859
229744,8.333333333333332,41.66666666666667,98.15950920245399,99.079754601227,95.29,1,0.93650913
229829,0.0,8.333333333333332,88.65030674846625,92.33128834355828,97.06,0,0.07736046
230084,8.333333333333332,91.66666666666666,95.70552147239265,96.0122699386503,77.65,1,0.9902289
230173,0.0,0.0,76.99386503067484,80.3680981595092,92.35,0,0.00601323
230193,0.0,0.0,83.33333333333334,80.55555555555556,85.29,0,0.005708104
230233,0.0,41.66666666666667,76.07361963190185,80.98159509202453,75.29,1,0.8016854
230360,8.333333333333332,0.0,93.25153374233128,91.69329073482429,98.82,0,0.020647734
230557,0.0,16.666666666666664,95.0920245398773,89.57055214723927,82.94,1,0.79175377
230680,0.0,0.0,96.0122699386503,95.39877300613497,94.71,0,0.0026225545
230747,0.0,0.0,91.41104294478528,93.25153374233128,94.71,0,0.0026225545
231193,0.0,0.0,92.94478527607362,95.2076677316294,91.18,0,0.0017612977
231302,0.0,16.666666666666664,91.71779141104295,93.86503067484662,96.47,0,0.20955975
231658,0.0,0.0,89.2638036809816,87.11656441717791,98.82,0,0.0016172349
232700,0.0,16.666666666666664,94.47852760736197,97.85276073619632,97.65,0,0.21827112
233530,8.333333333333332,91.66666666666666,80.06134969325154,85.88957055214725,52.38,1,0.98998356
233879,0.0,0.0,64.7239263803681,62.88343558282209,90.0,0,0.0054377667
234939,0.0,25.0,92.02453987730061,90.41533546325878,84.12,0,0.012786389
235087,0.0,0.0,92.02453987730061,97.23926380368098,85.88,0,0.0030856556
235088,0.0,16.666666666666664,81.28834355828221,89.57055214723927,89.41,1,0.57727206
235259,0.0,0.0,91.71779141104295,90.49079754601227,76.47,0,0.0033982655
235296,0.0,16.666666666666664,75.4601226993865,75.76687116564416,84.71,1,0.68630016
235297,0.0,0.0,86.50306748466258,86.50306748466258,92.35,0,0.003873766
235298,16.666666666666664,0.0,82.20858895705521,90.79754601226993,79.41,0,0.04632232
235358,0.0,16.666666666666664,88.65030674846625,91.71779141104295,91.18,0,0.4431147
235449,0.0,0.0,72.08588957055214,75.4601226993865,57.06,0,0.008152188
235521,0.0,0.0,68.09815950920245,79.4478527607362,80.59,0,0.008494644
235983,0.0,27.27272727272727,87.11656441717791,89.2638036809816,78.82,0,0.39310086
236096,25.0,58.333333333333336,84.3558282208589,88.65030674846625,79.29,1,0.90918803
236208,0.0,0.0,97.54601226993866,97.85276073619632,97.65,0,0.0011080207
236259,8.333333333333332,50.0,97.54601226993866,95.39877300613497,90.59,1,0.9863984
236572,0.0,8.333333333333332,94.78527607361963,93.86503067484662,100.0,0,0.04762217
236849,0.0,0.0,92.94478527607362,90.79754601226993,71.18,0,0.0023136146
236850,0.0,25.0,93.86503067484662,95.39877300613497,88.82,0,0.0033638442
237176,0.0,0.0,96.0122699386503,95.39877300613497,95.29,0,0.0030896026
237304,0.0,25.0,74.5398773006135,74.76038338658148,89.41,0,0.015732627
237321,0.0,0.0,70.24539877300614,80.3680981595092,85.21,0,0.0068071415
237455,0.0,25.0,65.11627906976744,76.07361963190185,83.83,0,0.014893696
237456,0.0,25.0,86.71096345514951,91.41104294478528,85.88,0,0.009569911
237457,0.0,33.33333333333333,65.33742331288343,70.5521472392638,82.04,1,0.806704
238137,0.0,8.333333333333332,95.39877300613497,96.0122699386503,77.06,1,0.66180676
238275,0.0,8.333333333333332,83.43558282208589,86.80981595092024,89.41,0,0.23142037
238494,8.333333333333332,16.666666666666664,71.16564417177914,67.48466257668711,79.41,1,0.9828903
238761,8.333333333333332,8.333333333333332,86.80981595092024,82.9073482428115,80.0,1,0.8998061
238796,0.0,0.0,97.85276073619632,96.31901840490798,99.41,0,0.0009056239
238966,0.0,25.0,78.83435582822086,84.04907975460122,93.53,0,0.029935423
238997,100.0,0.0,0.0,0.0,0.0,0,0.091511354
239007,0.0,0.0,97.23926380368098,96.48562300319489,77.06,0,0.0028923424
239008,8.333333333333332,16.666666666666664,96.31901840490798,98.77300613496932,95.29,1,0.85302335
239109,0.0,0.0,87.73006134969326,84.04907975460122,88.82,0,0.0020250229
239116,0.0,0.0,94.47852760736197,92.02453987730061,100.0,0,0.0009528879
239117,0.0,0.0,95.70552147239265,93.86503067484662,100.0,0,0.0009056239
239145,0.0,0.0,93.55828220858896,94.1717791411043,90.0,0,0.0017612977
239146,8.333333333333332,0.0,97.23926380368098,97.85276073619632,98.24,0,0.017006429
239257,0.0,9.090909090909092,85.88957055214725,92.02453987730061,90.53,0,0.12502971
239264,0.0,0.0,93.25153374233128,90.49079754601227,95.88,0,0.0013681132
239265,0.0,0.0,95.0920245398773,92.33128834355828,95.88,0,0.0011070363
239368,0.0,0.0,94.47852760736197,94.88817891373802,89.94,0,0.0017612977
239489,0.0,0.0,92.02453987730061,92.33128834355828,93.53,0,0.0027591793
239490,0.0,0.0,94.1717791411043,95.39877300613497,97.06,0,0.0010521335
239736,0.0,0.0,90.1840490797546,96.0122699386503,97.06,0,0.0010521335
239833,0.0,0.0,84.96932515337423,88.34355828220859,55.88,0,0.0050760405
240097,0.0,15.384615384615385,94.47852760736197,95.70552147239265,94.71,0,0.40639827
240102,16.666666666666664,58.333333333333336,85.88957055214725,88.95705521472392,53.42,1,0.9756516
240159,0.0,0.0,89.87730061349694,81.59509202453987,91.18,0,0.0030791778
240165,0.0,0.0,94.78527607361963,97.85276073619632,98.82,0,0.0010744787
240186,0.0,8.333333333333332,78.52760736196319,82.82208588957054,98.24,0,0.17802276
240589,16.666666666666664,16.666666666666664,97.54601226993866,97.54601226993866,90.0,1,0.7889516
240598,0.0,0.0,0.0,0.0,9.09,0,0.017693602
240637,16.666666666666664,41.66666666666667,79.14110429447852,84.04907975460122,81.76,1,0.9832018
240830,8.333333333333332,33.33333333333333,93.86503067484662,93.86503067484662,97.65,1,0.5833844
240885,0.0,16.666666666666664,88.03680981595092,79.4478527607362,90.59,1,0.59622365
240889,0.0,8.333333333333332,95.70552147239265,96.93251533742331,80.59,1,0.6671706
240898,0.0,0.0,97.85276073619632,96.31901840490798,96.47,0,0.0010521335
240957,0.0,66.66666666666666,77.74086378737542,81.59509202453987,60.36,1,0.89176077
240989,0.0,66.66666666666666,75.76687116564416,77.30061349693251,62.94,1,0.95125955
241120,0.0,0.0,64.7239263803681,62.88343558282209,82.94,0,0.025930034
241132,0.0,0.0,98.15950920245399,94.78527607361963,86.47,0,0.0017736844
241230,0.0,50.0,94.78527607361963,91.1042944785276,85.29,1,0.6848007
241366,0.0,91.66666666666666,97.85276073619632,94.47852760736197,96.47,1,0.7071535
241367,0.0,8.333333333333332,93.86503067484662,87.11656441717791,97.65,0,0.09321002
241446,0.0,0.0,95.39877300613497,88.34355828220859,75.88,0,0.0033982655
241506,0.0,50.0,89.2638036809816,83.74233128834356,67.65,1,0.7682988
241613,0.0,8.333333333333332,93.25153374233128,92.33128834355828,76.47,1,0.6604447
241618,0.0,25.0,96.31901840490798,92.33128834355828,87.65,0,0.00070609024
241739,0.0,0.0,95.70552147239265,90.1840490797546,97.65,0,0.0014407603
241965,0.0,0.0,86.80981595092024,84.96932515337423,92.35,0,0.003873766
241978,100.0,0.0,0.0,79.14110429447852,55.0,0,0.020018788
242626,0.0,16.666666666666664,0.0,0.0,92.94,1,0.6948518
242724,8.333333333333332,25.0,91.41104294478528,94.47852760736197,86.47,0,0.074216105
243213,0.0,0.0,91.66666666666666,93.55555555555556,98.22,0,0.0010744787
243214,0.0,0.0,97.23926380368098,95.68690095846645,97.65,0,0.0011080207
243300,0.0,50.0,84.96932515337423,89.87730061349694,89.41,1,0.7833343
243453,0.0,50.0,90.49079754601227,84.3558282208589,93.53,1,0.824168
243500,0.0,75.0,84.96932515337423,86.50306748466258,87.06,1,0.6677666
243501,0.0,0.0,67.79141104294479,72.08588957055214,72.35,0,0.0076706856
243771,0.0,16.666666666666664,95.39877300613497,95.70552147239265,98.82,0,0.21306597
243865,0.0,8.333333333333332,98.46625766871165,97.54601226993866,87.06,0,0.06372822
243974,0.0,0.0,75.76687116564416,76.68711656441718,89.41,0,0.005212549
244016,0.0,8.333333333333332,97.54601226993866,97.23926380368098,96.47,0,0.05491099
244047,0.0,14.285714285714285,94.1717791411043,0.0,88.24,1,0.6425911
244239,8.333333333333332,83.33333333333334,92.02453987730061,93.86503067484662,94.71,1,0.9941029
244435,0.0,16.666666666666664,94.1717791411043,93.55828220858896,95.88,0,0.20955975
244487,0.0,0.0,82.20858895705521,78.52760736196319,77.06,0,0.0065772813
244497,0.0,0.0,75.15337423312883,72.08588957055214,80.0,0,0.0115215825
244519,0.0,0.0,89.57055214723927,92.02453987730061,76.47,0,0.0028748615
244655,0.0,0.0,94.47852760736197,86.50306748466258,83.53,0,0.0081073465
244660,0.0,0.0,95.0920245398773,94.1717791411043,97.06,0,0.0010521335
244747,0.0,0.0,73.00613496932516,69.01840490797547,94.12,0,0.012431581
245044,0.0,8.333333333333332,69.01840490797547,71.16564417177914,95.29,0,0.48417103
245082,0.0,8.333333333333332,90.49079754601227,88.95705521472392,89.41,0,0.112376146
246009,25.0,25.0,35.294117647058826,0.0,75.51,0,0.020072225
246401,0.0,25.0,86.1963190184049,84.04907975460122,68.82,0,0.14433962
246666,0.0,0.0,97.23926380368098,96.62576687116564,87.06,0,0.003549175
246855,0.0,0.0,92.63803680981594,91.1042944785276,93.53,0,0.0021840306
246908,0.0,0.0,79.14110429447852,73.61963190184049,91.18,0,0.003873602
246909,0.0,0.0,87.73006134969326,88.65030674846625,89.41,0,0.0016766175
246979,0.0,50.0,85.58282208588957,88.03680981595092,77.06,1,0.9850927
247000,0.0,0.0,80.3680981595092,82.82208588957054,86.47,0,0.0099003725
247035,0.0,16.666666666666664,75.15337423312883,73.31288343558282,38.24,1,0.9676185
247108,0.0,0.0,0.0,73.61963190184049,70.21,0,0.032423053
247333,8.333333333333332,50.0,89.57055214723927,83.70607028753993,57.4,1,0.9962121
247339,0.0,8.333333333333332,87.73006134969326,75.08305647840533,76.47,1,0.94839287
247341,0.0,0.0,90.79754601226993,92.63803680981594,81.18,0,0.01707435
247358,0.0,16.666666666666664,86.50306748466258,89.2638036809816,97.06,0,0.43125072
247399,0.0,0.0,81.28834355828221,78.52760736196319,98.82,0,0.002255893
247431,0.0,0.0,95.70552147239265,92.94478527607362,86.47,0,0.0043351124
247487,0.0,0.0,98.46625766871165,98.46625766871165,91.18,0,0.001101948
247913,0.0,0.0,93.86503067484662,89.57055214723927,98.82,0,0.0011056083
248684,0.0,0.0,96.31901840490798,96.31901840490798,87.06,0,0.003549175
248746,0.0,0.0,76.68711656441718,76.99386503067484,92.35,0,0.004511122
248747,0.0,0.0,80.06134969325154,74.92012779552716,99.41,0,0.0017978264
248934,16.666666666666664,0.0,93.55828220858896,93.25153374233128,94.71,0,0.0152162695
248964,0.0,0.0,88.03680981595092,83.74233128834356,83.53,0,0.033634685
249051,0.0,16.666666666666664,86.80981595092024,91.41104294478528,80.0,1,0.9373384
249052,0.0,0.0,95.39877300613497,95.0920245398773,81.76,0,0.030764364
249225,0.0,0.0,92.02453987730061,92.63803680981594,80.0,0,0.01707435
249355,0.0,25.0,93.25153374233128,95.0920245398773,93.53,0,0.013667914
249405,0.0,0.0,97.54601226993866,96.64536741214057,89.41,0,0.001185058
249607,0.0,18.181818181818183,95.0920245398773,94.1717791411043,72.94,0,0.051450793
249863,0.0,25.0,96.62576687116564,93.25153374233128,75.88,0,0.10308878
250385,0.0,8.333333333333332,94.78527607361963,92.33128834355828,77.06,1,0.90663946
250700,100.0,0.0,0.0,0.0,0.0,0,0.22597359
251123,0.0,8.333333333333332,77.60736196319019,83.43558282208589,76.47,1,0.96392375
251310,16.666666666666664,41.66666666666667,86.50306748466258,91.71779141104295,80.0,1,0.978835
251312,16.666666666666664,41.66666666666667,76.66666666666667,76.33333333333333,83.43,1,0.9914526
251416,0.0,0.0,77.91411042944786,88.03680981595092,82.35,0,0.067347065
252213,0.0,0.0,98.46625766871165,98.77300613496932,91.18,0,0.001101948
252285,0.0,0.0,74.84662576687117,70.5521472392638,88.82,0,0.001505978
252553,0.0,0.0,95.0920245398773,97.23926380368098,94.12,0,0.0020758277
252629,0.0,0.0,0.0,0.0,66.47,0,0.22885174
252658,0.0,0.0,89.2638036809816,88.95705521472392,91.18,0,0.0015408965
252805,0.0,0.0,87.42331288343557,87.73006134969326,96.47,0,0.001301812
252931,8.333333333333332,8.333333333333332,96.93251533742331,98.77300613496932,91.76,0,0.31850833
252936,0.0,0.0,73.92638036809815,71.77914110429448,69.41,0,0.050469607
252937,8.333333333333332,50.0,94.78527607361963,97.23926380368098,73.53,1,0.9964796
252939,0.0,0.0,89.2638036809816,88.95705521472392,94.12,0,0.002698413
252954,0.0,0.0,71.77914110429448,68.40490797546013,78.24,0,0.055283263
252955,0.0,0.0,97.23926380368098,95.39877300613497,89.41,0,0.001185058
253099,16.666666666666664,8.333333333333332,94.47852760736197,89.2638036809816,93.53,0,0.49958014
253179,0.0,50.0,87.11656441717791,85.58282208588957,78.82,1,0.9767494
253807,0.0,0.0,84.66257668711657,82.42811501597444,89.94,0,0.0029237377
253911,0.0,50.0,87.73006134969326,91.21405750798722,75.88,1,0.9767494
253915,0.0,41.66666666666667,83.43558282208589,83.74233128834356,72.35,1,0.9270938
254168,0.0,8.333333333333332,97.85276073619632,97.85276073619632,93.53,0,0.14465849
254198,0.0,8.333333333333332,92.02453987730061,88.65030674846625,90.59,0,0.1114856
254240,0.0,0.0,94.47852760736197,91.1042944785276,94.71,0,0.0021840306
254258,0.0,0.0,97.23926380368098,93.55828220858896,100.0,0,0.00071656966
254578,8.333333333333332,50.0,70.5521472392638,77.60736196319019,88.82,1,0.9780352
254697,16.666666666666664,16.666666666666664,74.84662576687117,80.98159509202453,67.06,1,0.96760374
255152,0.0,8.333333333333332,86.50306748466258,85.88957055214725,88.82,0,0.077568784
255280,0.0,0.0,90.49079754601227,93.25153374233128,87.06,0,0.003549175
255447,0.0,0.0,87.73006134969326,93.25153374233128,96.47,0,0.001053374
255939,8.333333333333332,16.666666666666664,94.78527607361963,95.70552147239265,78.24,1,0.9626091
256189,0.0,0.0,56.14617940199336,80.06134969325154,78.82,0,0.0465278
256382,0.0,0.0,92.0,0.0,97.96,0,0.010469254
256479,0.0,0.0,95.70552147239265,98.15950920245399,95.29,0,0.0022744257
256584,0.0,0.0,94.6843853820598,95.2076677316294,75.88,0,0.017197305
256867,0.0,8.333333333333332,91.41104294478528,90.79754601226993,92.94,0,0.10818829
257060,0.0,0.0,82.82208588957054,81.28834355828221,83.53,0,0.04615481
257212,33.33333333333333,50.0,40.49079754601227,54.601226993865026,77.78,1,0.98788863
257365,25.0,41.66666666666667,92.33128834355828,94.1717791411043,66.27,1,0.5433807
257527,0.0,0.0,90.49079754601227,91.1042944785276,93.53,0,0.0021840306
257554,0.0,16.666666666666664,95.39877300613497,98.15950920245399,88.82,0,0.17184635
257859,0.0,72.72727272727273,89.2638036809816,82.74760383386581,92.81,1,0.8928031
257888,100.0,0.0,0.0,0.0,0.0,0,0.22597359
257986,33.33333333333333,66.66666666666666,80.06134969325154,84.3558282208589,65.88,1,0.99344516
258208,33.33333333333333,66.66666666666666,86.50306748466258,86.50306748466258,78.24,1,0.9943393
258276,0.0,25.0,88.95705521472392,83.54632587859425,82.84,0,0.17250265
258494,8.333333333333332,8.333333333333332,81.59509202453987,86.50306748466258,69.41,1,0.9768183
258743,0.0,0.0,94.47852760736197,95.0920245398773,97.06,0,0.0008325208
258757,0.0,0.0,88.34355828220859,82.20858895705521,83.53,0,0.033634685
259602,8.333333333333332,41.66666666666667,98.15950920245399,96.93251533742331,98.24,1,0.9551719
259603,0.0,25.0,89.2638036809816,83.74233128834356,81.76,0,0.18162264
259675,0.0,0.0,80.67484662576688,79.75460122699386,79.41,0,0.035152137
259678,0.0,0.0,88.34355828220859,88.65030674846625,91.18,0,0.0018847595
259791,16.666666666666664,0.0,86.1963190184049,89.57055214723927,78.24,0,0.05234387
259831,0.0,0.0,89.87730061349694,89.57055214723927,93.53,0,0.002698413
259847,33.33333333333333,66.66666666666666,92.63803680981594,95.36741214057508,75.6,1,0.9938905
259899,8.333333333333332,91.66666666666666,94.78527607361963,91.1042944785276,79.88,1,0.99782854
259906,0.0,75.0,86.80981595092024,88.95705521472392,90.59,1,0.88061017
259911,0.0,16.666666666666664,95.70552147239265,95.70552147239265,82.35,1,0.9126756
259977,25.0,8.333333333333332,88.03680981595092,86.80981595092024,75.74,1,0.725772
260007,8.333333333333332,41.66666666666667,85.88957055214725,84.96932515337423,82.94,1,0.9911233
260074,100.0,0.0,0.0,0.0,0.0,0,0.22597359
260102,0.0,25.0,87.73006134969326,86.50306748466258,97.06,0,0.012991342
260199,0.0,16.666666666666664,74.33333333333333,66.66666666666666,91.12,1,0.7164191
260225,0.0,0.0,86.50306748466258,84.04907975460122,92.94,0,0.002964745
260252,0.0,27.27272727272727,69.6319018404908,78.83435582822086,92.94,0,0.38280603
260445,0.0,0.0,94.78527607361963,96.0122699386503,85.88,0,0.008267711
260446,0.0,0.0,95.39877300613497,94.47852760736197,92.94,0,0.0014160082
260486,8.333333333333332,0.0,71.33333333333334,67.77777777777779,84.71,0,0.12653674
260605,0.0,0.0,85.88957055214725,80.06134969325154,84.12,0,0.01202248
260640,0.0,0.0,82.51533742331289,73.61963190184049,60.59,0,0.055425648
260649,8.333333333333332,50.0,90.1840490797546,92.94478527607362,67.65,1,0.9967542
260778,0.0,8.333333333333332,90.1840490797546,91.71779141104295,92.94,0,0.10818829
261155,0.0,0.0,89.2638036809816,92.94478527607362,96.47,0,0.0008325208
261235,0.0,44.44444444444444,88.65030674846625,71.09634551495017,66.67,1,0.93180436
261318,0.0,66.66666666666666,92.02453987730061,90.79754601226993,91.18,1,0.87450767
261366,0.0,0.0,81.28834355828221,74.23312883435584,76.47,0,0.038960043
261390,33.33333333333333,0.0,80.06134969325154,80.67484662576688,87.65,0,0.002610957
261807,0.0,0.0,81.59509202453987,89.87730061349694,87.65,0,0.00018544965
261831,8.333333333333332,0.0,77.91411042944786,73.00613496932516,69.41,0,0.11956817
262527,0.0,0.0,92.33333333333333,93.66666666666667,94.71,0,0.0020758277
262799,0.0,8.333333333333332,82.51533742331289,78.83435582822086,87.65,0,0.0072079822
262914,16.666666666666664,41.66666666666667,89.87730061349694,89.57055214723927,75.88,1,0.96723104
263450,16.666666666666664,0.0,72.0,57.77777777777777,91.76,0,0.043803886
263691,0.0,0.0,88.95705521472392,83.12883435582822,85.88,0,0.01202248
263758,0.0,8.333333333333332,88.03680981595092,92.33128834355828,87.65,0,0.0033894095
263839,0.0,16.666666666666664,84.96932515337423,85.88957055214725,83.53,1,0.9564865
263895,0.0,16.666666666666664,97.23926380368098,96.93251533742331,93.53,0,0.465111
264010,0.0,25.0,88.95705521472392,87.42331288343557,88.82,0,0.0068813786
264182,0.0,8.333333333333332,97.85276073619632,95.39877300613497,94.12,0,0.14465849
264206,0.0,8.333333333333332,93.25153374233128,95.70552147239265,99.41,0,0.055089843
264244,0.0,0.0,96.31901840490798,91.1042944785276,90.0,0,0.0012468885
264433,8.333333333333332,58.333333333333336,95.0920245398773,95.39877300613497,90.0,1,0.9953584
264434,8.333333333333332,58.333333333333336,89.2638036809816,90.1840490797546,78.82,1,0.99796826
264472,0.0,8.333333333333332,97.54601226993866,96.93251533742331,78.24,1,0.90434074
264805,25.0,41.66666666666667,92.02453987730061,88.95705521472392,89.94,1,0.62486154
264829,0.0,50.0,86.1963190184049,87.42331288343557,72.94,1,0.9750572
264859,0.0,0.0,94.47852760736197,0.0,88.64,0,0.0062471176
264910,0.0,0.0,79.75460122699386,78.83435582822086,83.53,0,0.04898173
265034,0.0,41.66666666666667,0.0,0.0,74.71,1,0.9533043
265219,0.0,0.0,89.87730061349694,93.25153374233128,75.29,0,0.017197305
265584,0.0,8.333333333333332,88.95705521472392,91.1042944785276,87.65,0,0.0033894095
266101,0.0,0.0,93.25153374233128,88.34355828220859,95.88,0,0.0010826163
266131,0.0,33.33333333333333,91.71779141104295,93.55828220858896,89.94,0,0.21022512
266208,8.333333333333332,50.0,90.1840490797546,93.55828220858896,51.18,1,0.9962121
266226,0.0,16.666666666666664,83.43558282208589,84.04907975460122,95.88,1,0.585177
266227,0.0,16.666666666666664,77.60736196319019,82.20858895705521,95.27,1,0.8490499
266901,0.0,0.0,83.12883435582822,77.91411042944786,70.59,0,0.033822063
267658,8.333333333333332,50.0,97.23926380368098,95.70552147239265,88.24,1,0.97907513
267770,0.0,8.333333333333332,0.0,0.0,87.06,0,0.4459623
267835,0.0,0.0,85.2760736196319,84.3558282208589,73.53,0,0.034465473
267836,0.0,8.333333333333332,91.1042944785276,82.10862619808307,92.9,0,0.1738457
268075,33.33333333333333,41.66666666666667,76.07361963190185,70.85889570552148,78.82,1,0.9881783
268166,0.0,100.0,71.0,55.00000000000001,92.37,1,0.91179657
268204,33.33333333333333,66.66666666666666,90.49079754601227,90.49079754601227,63.53,1,0.99184555
268307,0.0,9.090909090909092,0.0,0.0,96.47,0,0.38648972
268495,0.0,0.0,0.0,0.0,98.24,0,0.0031343992
268512,0.0,0.0,93.86503067484662,91.1042944785276,88.24,0,0.0005096282
268596,0.0,0.0,0.0,0.0,94.71,0,0.006105911
268671,0.0,0.0,0.0,0.0,72.35,0,0.03625088
268673,0.0,0.0,0.0,0.0,54.71,0,0.16199034
268796,0.0,0.0,0.0,0.0,96.47,0,0.0030693468
268937,0.0,8.333333333333332,89.87730061349694,89.2638036809816,90.0,0,0.1114856
269032,100.0,0.0,0.0,0.0,0.0,0,0.22597359
269065,0.0,33.33333333333333,89.33333333333333,93.11111111111111,97.04,0,0.18267243
269066,0.0,33.33333333333333,87.42331288343557,80.67092651757189,97.06,0,0.4422562
269160,0.0,66.66666666666666,90.1840490797546,84.04907975460122,90.0,1,0.87450767
269255,9.090909090909092,54.54545454545454,81.90184049079755,84.185303514377,83.33,1,0.9984382
269319,27.27272727272727,36.36363636363637,88.65030674846625,86.26198083067092,81.76,1,0.99240065
269393,0.0,0.0,0.0,0.0,97.65,0,0.0032320376
269478,25.0,50.0,0.0,0.0,41.56,1,0.9654966
269496,0.0,0.0,86.33333333333333,83.88888888888889,92.94,0,0.002964745
269547,0.0,0.0,0.0,0.0,99.41,0,0.002188314
269609,8.333333333333332,16.666666666666664,0.0,0.0,82.94,1,0.98581463
269636,0.0,0.0,83.43558282208589,88.34355828220859,92.35,0,0.0035941899
269674,8.333333333333332,25.0,83.43558282208589,80.67484662576688,80.0,0,0.47921386
269817,0.0,0.0,0.0,0.0,94.12,0,0.006105911
269974,0.0,16.666666666666664,0.0,0.0,94.71,1,0.8239641
270156,0.0,58.333333333333336,0.0,0.0,88.24,1,0.7770136
270799,0.0,16.666666666666664,0.0,0.0,81.76,1,0.9739019
270910,0.0,0.0,87.11656441717791,83.12883435582822,95.29,0,0.0051149735
270912,0.0,0.0,95.0920245398773,97.54601226993866,95.86,0,0.0008325208
270989,0.0,0.0,0.0,0.0,89.41,0,0.004002458
271158,0.0,8.333333333333332,0.0,0.0,93.53,1,0.55693924
271690,0.0,8.333333333333332,0.0,0.0,92.35,1,0.50674033
271697,0.0,9.090909090909092,93.55828220858896,91.41104294478528,92.35,0,0.10818829
271845,16.666666666666664,50.0,0.0,0.0,79.41,1,0.9968727
271881,0.0,0.0,0.0,0.0,79.59,0,0.040320326
272100,0.0,0.0,0.0,0.0,92.94,0,0.0052893586
272848,0.0,8.333333333333332,0.0,0.0,90.0,0,0.4512274
272892,0.0,0.0,0.0,0.0,88.82,0,0.0016480451
273403,8.333333333333332,33.33333333333333,84.96932515337423,78.22085889570552,72.35,1,0.9879232
273620,0.0,0.0,0.0,0.0,97.06,0,0.0030693468
273736,0.0,41.66666666666667,69.0,57.44444444444444,94.12,1,0.77915406
273853,0.0,0.0,87.11656441717791,84.82428115015975,77.51,0,0.02691743
273854,0.0,0.0,0.0,0.0,64.71,0,0.21067064
273862,0.0,0.0,0.0,0.0,92.94,0,0.0052893586
273921,0.0,0.0,87.11656441717791,84.66257668711657,84.12,0,0.01202248
273949,0.0,0.0,82.51533742331289,84.3558282208589,97.65,0,0.002284448
274013,0.0,8.333333333333332,0.0,0.0,81.18,1,0.96437097
274179,0.0,0.0,0.0,0.0,88.24,0,0.0014205051
274185,0.0,0.0,78.52760736196319,80.67484662576688,87.65,0,0.00022798112
274621,0.0,8.333333333333332,94.1717791411043,94.47852760736197,90.0,0,0.08797745
274715,0.0,8.333333333333332,92.02453987730061,95.0920245398773,92.35,0,0.10337238
274716,0.0,8.333333333333332,98.46625766871165,96.96485623003196,92.31,0,0.10337238
274736,0.0,10.0,68.66666666666667,71.77777777777777,84.67,1,0.871298
274778,0.0,0.0,74.84662576687117,78.83435582822086,78.24,0,0.05543084
274866,25.0,58.333333333333336,94.1717791411043,93.61022364217251,93.08,1,0.9565192
274884,0.0,0.0,92.94478527607362,89.2638036809816,88.24,0,0.0006299048
274895,0.0,0.0,73.92638036809815,76.99386503067484,77.06,0,0.05418452
274958,0.0,8.333333333333332,87.0,88.88888888888889,89.41,0,0.13068879
274959,0.0,8.333333333333332,92.02453987730061,89.57055214723927,80.0,1,0.9193658
274971,0.0,0.0,84.96932515337423,85.58282208588957,97.06,0,0.0019969274
275211,0.0,0.0,0.0,0.0,95.29,0,0.0071888342
275249,0.0,0.0,0.0,0.0,96.47,0,0.0030693468
275251,0.0,16.666666666666664,0.0,0.0,92.94,1,0.8020342
275253,0.0,16.666666666666664,92.63803680981594,90.89456869009584,93.53,1,0.5275375
275271,0.0,8.333333333333332,82.20858895705521,77.91411042944786,92.94,0,0.31238675
275506,0.0,0.0,0.0,0.0,92.35,0,0.0049957456
275540,0.0,8.333333333333332,0.0,0.0,95.88,0,0.38648972
275659,16.666666666666664,33.33333333333333,0.0,0.0,83.53,1,0.99163485
275665,0.0,25.0,76.99386503067484,86.80981595092024,84.62,0,0.041418705
275702,0.0,8.333333333333332,89.2638036809816,90.1840490797546,90.0,0,0.1114856
275719,0.0,0.0,0.0,0.0,94.71,0,0.006105911
275722,0.0,0.0,62.66666666666667,46.44444444444444,82.35,0,0.3608803
275759,57.14285714285714,28.57142857142857,78.22085889570552,0.0,69.23,1,0.95769244
275778,0.0,0.0,81.66666666666667,77.44444444444444,89.41,0,0.0028919342
275785,0.0,0.0,0.0,0.0,95.88,0,0.0030693468
275814,0.0,0.0,0.0,0.0,89.41,0,0.004002458
275842,0.0,0.0,93.55828220858896,94.78527607361963,88.76,0,0.00057325786
275961,0.0,66.66666666666666,0.0,0.0,97.06,1,0.89088356
276161,0.0,16.666666666666664,87.11656441717791,88.95705521472392,79.41,1,0.9464996
276351,0.0,0.0,90.1840490797546,89.87730061349694,91.76,0,0.0015408965
276560,0.0,33.33333333333333,74.23312883435584,69.01840490797547,78.24,1,0.94683874
276591,7.6923076923076925,7.6923076923076925,0.0,0.0,69.41,1,0.9707888
276666,0.0,8.333333333333332,86.04651162790698,89.87730061349694,74.12,1,0.93490875
276670,0.0,16.666666666666664,85.58282208588957,86.1963190184049,72.94,1,0.9600765
276671,0.0,50.0,91.1042944785276,88.65030674846625,82.84,1,0.9833039
276672,0.0,25.0,90.79754601226993,90.79754601226993,75.74,0,0.1416917
276686,0.0,0.0,0.0,0.0,83.53,0,0.079258606
276689,0.0,16.666666666666664,95.0920245398773,95.39877300613497,90.0,0,0.33153677
276829,0.0,0.0,88.03680981595092,88.34355828220859,82.35,0,0.042116188
276896,16.666666666666664,16.666666666666664,81.72757475083057,85.88957055214725,68.24,1,0.9518725
276956,0.0,0.0,0.0,0.0,90.0,0,0.004002458
277027,0.0,0.0,87.42331288343557,85.2760736196319,95.88,0,0.0015068911
277234,0.0,16.666666666666664,74.5398773006135,74.23312883435584,85.88,1,0.8331044
277235,0.0,16.666666666666664,90.79754601226993,89.87730061349694,94.71,1,0.5798772
277238,0.0,16.666666666666664,79.75460122699386,87.42331288343557,95.88,1,0.5772817
277342,0.0,0.0,87.33333333333333,92.44444444444444,98.22,0,0.0010757457
277348,0.0,8.333333333333332,0.0,0.0,99.41,0,0.30974576
277398,0.0,50.0,90.49079754601227,88.95705521472392,59.41,1,0.98129857
277546,0.0,0.0,86.50306748466258,80.83067092651757,91.76,0,0.002369793
277722,0.0,0.0,0.0,0.0,87.65,0,0.00019918599
277727,8.333333333333332,91.66666666666666,0.0,0.0,88.82,1,0.9782689
277764,0.0,8.333333333333332,90.49079754601227,90.79754601226993,88.82,0,0.040720064
277868,0.0,18.181818181818183,79.14110429447852,83.70607028753993,92.35,0,0.022817664
277869,0.0,18.181818181818183,78.16666666666666,83.77777777777777,94.12,0,0.03994834
277935,33.33333333333333,41.66666666666667,94.1717791411043,93.86503067484662,84.02,1,0.97371835
278116,0.0,8.333333333333332,83.12883435582822,80.3680981595092,93.53,0,0.41447517
278502,8.333333333333332,16.666666666666664,88.03680981595092,88.03680981595092,91.18,1,0.91332513
278518,0.0,8.333333333333332,0.0,0.0,87.06,0,0.4459623
279049,0.0,16.666666666666664,92.02453987730061,93.25153374233128,80.59,1,0.8965686
279253,0.0,0.0,97.85276073619632,98.46625766871165,96.47,0,0.0007741157
279257,0.0,0.0,0.0,0.0,93.53,0,0.006105911
279353,0.0,0.0,95.0920245398773,94.78527607361963,94.71,0,0.0020758277
279354,0.0,0.0,80.98159509202453,73.61963190184049,97.63,0,0.0025770075
279882,0.0,16.666666666666664,0.0,0.0,95.88,1,0.7011118
279959,0.0,0.0,76.38036809815951,82.51533742331289,85.88,0,0.01658417
280258,0.0,8.333333333333332,0.0,0.0,77.65,1,0.9641912
280472,0.0,0.0,92.33128834355828,93.86503067484662,88.24,0,0.0004843396
280479,0.0,36.36363636363637,82.82208588957054,84.3558282208589,83.53,1,0.9170195
280544,0.0,8.333333333333332,0.0,0.0,77.06,1,0.9641912
280599,33.33333333333333,44.44444444444444,0.0,0.0,46.48,1,0.99618334
280688,0.0,16.666666666666664,95.39877300613497,96.31901840490798,98.24,0,0.2623779
280893,0.0,18.181818181818183,90.49079754601227,83.86581469648561,92.35,0,0.011381131
280894,0.0,18.181818181818183,68.83333333333333,66.44444444444444,88.82,0,0.007110156
280895,0.0,18.181818181818183,85.58282208588957,82.51533742331289,83.53,0,0.1264102
281026,25.0,33.33333333333333,0.0,0.0,74.12,1,0.81975114
281450,0.0,0.0,94.47852760736197,89.2638036809816,92.94,0,0.0018410664
281666,8.333333333333332,25.0,86.33333333333333,83.88888888888889,60.0,1,0.52708423
281826,0.0,16.666666666666664,95.70552147239265,90.79754601226993,94.71,1,0.5275375
282023,0.0,16.666666666666664,0.0,0.0,80.0,1,0.9441625
282146,0.0,8.333333333333332,71.16564417177914,79.4478527607362,79.29,1,0.96871525
282147,0.0,0.0,88.03680981595092,80.5111821086262,95.88,0,0.0016370728
282274,16.666666666666664,0.0,0.0,0.0,73.53,0,0.08661602
282397,0.0,8.333333333333332,0.0,0.0,90.59,0,0.4512274
282399,0.0,8.333333333333332,97.54601226993866,97.11999999999999,92.35,0,0.10337238
282564,7.142857142857142,14.285714285714285,85.88957055214725,90.49079754601227,93.49,1,0.8724471
282631,33.33333333333333,66.66666666666666,73.31288343558282,69.01840490797547,80.37,1,0.9900755
282702,8.333333333333332,33.33333333333333,99.38650306748467,99.079754601227,94.71,1,0.7374121
283177,0.0,0.0,93.25153374233128,89.87730061349694,92.94,0,0.0018410664
283377,0.0,16.666666666666664,0.0,0.0,87.06,1,0.7033887
283436,0.0,0.0,0.0,0.0,84.71,0,0.02704845
283501,8.333333333333332,66.66666666666666,92.33128834355828,88.03680981595092,85.29,1,0.9975171
283782,0.0,8.333333333333332,0.0,0.0,91.18,0,0.4512274
283968,66.66666666666666,33.33333333333333,0.0,0.0,35.9,1,0.982485
284295,18.181818181818183,72.72727272727273,77.60736196319019,75.15337423312883,82.35,1,0.9977932
284296,18.181818181818183,72.72727272727273,89.70099667774086,92.94478527607362,85.8,1,0.9961385
284332,0.0,8.333333333333332,95.39877300613497,95.39877300613497,97.06,0,0.06344549
284384,8.333333333333332,0.0,0.0,0.0,89.41,0,0.020908888
284563,0.0,8.333333333333332,0.0,0.0,83.53,1,0.98353493
284665,0.0,36.36363636363637,0.0,0.0,70.59,1,0.92082983
284887,0.0,0.0,0.0,0.0,63.53,0,0.21067064
284891,0.0,0.0,0.0,0.0,95.29,0,0.0071888342
284942,0.0,0.0,0.0,0.0,54.71,0,0.16199034
285323,0.0,0.0,0.0,0.0,95.88,0,0.0030693468
285430,0.0,0.0,84.04907975460122,86.1963190184049,95.29,0,0.0077013625
285431,0.0,8.333333333333332,94.47852760736197,89.87730061349694,99.41,0,0.07048941
285491,0.0,25.0,92.33128834355828,88.34355828220859,73.53,0,0.15374695
285623,0.0,41.66666666666667,0.0,0.0,82.94,1,0.971282
285708,0.0,0.0,0.0,0.0,81.18,0,0.041869774
285839,8.333333333333332,33.33333333333333,0.0,0.0,58.24,1,0.99358374
285863,0.0,0.0,86.80981595092024,84.96932515337423,82.35,0,0.043956667
285879,0.0,0.0,93.25153374233128,96.00638977635782,96.47,0,0.0008325208
285905,0.0,50.0,84.04907975460122,78.83435582822086,58.82,1,0.9840693
285973,0.0,0.0,95.0920245398773,97.23926380368098,99.41,0,0.00071656966
285986,0.0,0.0,0.0,0.0,94.71,0,0.006105911
286047,50.0,25.0,0.0,0.0,43.64,0,0.33962846
286132,16.666666666666664,25.0,0.0,0.0,92.35,0,0.25873792
286281,0.0,0.0,92.33128834355828,87.73006134969326,84.71,0,0.010268137
286353,0.0,0.0,0.0,0.0,81.18,0,0.041869774
286527,0.0,0.0,0.0,0.0,85.88,0,0.02704845
286781,0.0,41.66666666666667,92.94478527607362,94.1717791411043,84.12,1,0.71429586
286795,8.333333333333332,41.66666666666667,0.0,0.0,91.18,1,0.94253695
286829,0.0,16.666666666666664,0.0,0.0,90.0,1,0.75379884
286831,0.0,0.0,80.66666666666666,81.44444444444444,95.88,0,0.00207565
286855,0.0,25.0,85.0,88.55555555555556,92.31,0,0.020218844
287008,0.0,25.0,84.66666666666667,87.77777777777777,95.86,0,0.011960608
287095,8.333333333333332,8.333333333333332,82.51533742331289,87.11656441717791,92.94,1,0.6769533
287143,0.0,0.0,0.0,0.0,86.36,0,0.017048305
287392,0.0,0.0,91.41104294478528,86.1963190184049,90.0,0,0.0017835719
287589,0.0,0.0,0.0,0.0,90.59,0,0.004002458
287628,0.0,8.333333333333332,0.0,0.0,98.82,0,0.39149007
287864,0.0,0.0,0.0,0.0,91.18,0,0.004002458
288305,0.0,0.0,0.0,0.0,4.35,0,0.16199034
288410,25.0,16.666666666666664,0.0,0.0,82.94,1,0.8421829
288412,25.0,16.666666666666664,92.33128834355828,92.94478527607362,84.12,0,0.37869486
288433,0.0,0.0,0.0,0.0,90.59,0,0.004002458
288461,0.0,8.333333333333332,0.0,0.0,95.29,1,0.59703135
288548,0.0,0.0,0.0,0.0,90.0,0,0.004002458
288608,0.0,0.0,93.86503067484662,86.50306748466258,92.94,0,0.0021309147
288619,0.0,0.0,0.0,0.0,84.12,0,0.02704845
288633,0.0,0.0,0.0,0.0,91.76,0,0.004002458
288676,0.0,8.333333333333332,0.0,0.0,91.18,0,0.4512274
288727,0.0,0.0,0.0,0.0,80.0,0,0.040320326
288932,0.0,8.333333333333332,0.0,0.0,92.94,1,0.5210795
289150,0.0,25.0,0.0,0.0,91.76,0,0.020682314
289162,0.0,8.333333333333332,0.0,0.0,75.88,1,0.9641912
289180,0.0,0.0,0.0,0.0,90.59,0,0.004002458
289194,0.0,8.333333333333332,0.0,0.0,88.24,0,0.21039197
289206,7.6923076923076925,15.384615384615385,92.02453987730061,92.02453987730061,75.29,1,0.9737665
289253,0.0,0.0,0.0,0.0,86.47,0,0.017048305
289434,25.0,50.0,90.79754601226993,95.39877300613497,72.94,1,0.87284386
289441,0.0,30.0,0.0,0.0,75.29,1,0.89357674
289521,0.0,25.0,0.0,0.0,88.82,0,0.008472804
289531,0.0,25.0,89.87730061349694,95.0920245398773,74.12,0,0.096620604
289532,0.0,25.0,86.80981595092024,83.43558282208589,83.53,0,0.12756006
289585,0.0,0.0,0.0,0.0,85.88,0,0.02704845
289611,0.0,0.0,97.23926380368098,92.02453987730061,92.94,0,0.0014898706
289748,8.333333333333332,16.666666666666664,0.0,0.0,94.12,1,0.93706924
289772,8.333333333333332,50.0,0.0,0.0,74.12,1,0.99720013
289941,33.33333333333333,66.66666666666666,0.0,0.0,71.76,1,0.99784553
290016,0.0,0.0,83.12883435582822,87.73006134969326,90.0,0,0.0025562576
290173,0.0,0.0,92.33128834355828,89.77635782747603,87.65,0,0.00012018472
290174,0.0,0.0,86.0,87.22222222222223,91.18,0,0.0021814716
290320,100.0,0.0,0.0,0.0,0.0,0,0.22597359
290348,0.0,0.0,0.0,0.0,78.24,0,0.04105564
290350,0.0,0.0,0.0,0.0,91.76,0,0.004002458
290429,8.333333333333332,50.0,96.62576687116564,95.39877300613497,84.71,1,0.995439
290462,0.0,83.33333333333334,0.0,0.0,78.82,1,0.9881159
290539,0.0,66.66666666666666,80.98159509202453,76.68711656441718,50.0,1,0.9821946
290547,0.0,0.0,0.0,0.0,92.35,0,0.0049957456
290853,0.0,41.66666666666667,88.65030674846625,84.3558282208589,88.82,0,0.3505794
291053,0.0,0.0,0.0,0.0,78.24,0,0.04105564
291463,0.0,0.0,0.0,0.0,91.18,0,0.004002458
291507,0.0,0.0,0.0,0.0,98.82,0,0.0031343992
291766,0.0,0.0,93.86503067484662,94.1717791411043,93.53,0,0.0020758277
292226,0.0,25.0,0.0,0.0,74.12,0,0.13385281
292227,0.0,25.0,84.96932515337423,86.90095846645367,81.18,0,0.18793422
292264,0.0,25.0,0.0,0.0,88.24,0,0.007309892
292287,0.0,25.0,94.47852760736197,93.9297124600639,82.84,0,0.12944463
292292,8.333333333333332,33.33333333333333,92.63803680981594,87.53993610223642,84.71,1,0.9754346
292293,8.333333333333332,16.666666666666664,79.0,72.0,90.59,1,0.9553471
292546,0.0,0.0,0.0,0.0,90.59,0,0.004002458
292547,0.0,8.333333333333332,0.0,0.0,85.29,1,0.9286611
292863,0.0,0.0,0.0,0.0,86.47,0,0.017048305
292987,0.0,0.0,81.59509202453987,83.70607028753993,87.65,0,0.00021218194
293069,0.0,0.0,0.0,0.0,95.88,0,0.0030693468
293214,0.0,25.0,65.4485049833887,67.15063520871144,48.24,0,0.19833812
293215,0.0,8.333333333333332,81.59509202453987,88.65030674846625,59.41,1,0.9609229
293217,0.0,9.090909090909092,61.66666666666667,62.11111111111111,63.53,1,0.9690493
293219,0.0,0.0,83.33333333333334,82.0,91.18,0,0.0032861894
293226,0.0,8.333333333333332,95.70552147239265,94.72843450479233,98.82,0,0.064707145
293272,0.0,8.333333333333332,96.0122699386503,91.1042944785276,98.82,0,0.06785805
293273,0.0,16.666666666666664,87.73006134969326,88.03680981595092,99.41,0,0.38151157
293274,0.0,8.333333333333332,92.94478527607362,93.25153374233128,95.88,0,0.06344549
293307,0.0,8.333333333333332,0.0,0.0,82.35,1,0.98353493
293415,8.333333333333332,66.66666666666666,0.0,0.0,76.47,1,0.99804544
293795,8.333333333333332,0.0,93.25153374233128,88.34355828220859,84.71,0,0.079345666
294215,0.0,7.6923076923076925,82.66666666666667,83.22222222222221,99.41,0,0.11703913
294279,0.0,0.0,80.06134969325154,77.30061349693251,86.47,0,0.010531272
294286,0.0,7.6923076923076925,93.55828220858896,91.41104294478528,96.47,0,0.05123009
295117,0.0,8.333333333333332,0.0,0.0,71.18,1,0.9603686
295427,0.0,0.0,0.0,0.0,80.59,0,0.040320326
295484,0.0,0.0,0.0,0.0,91.76,0,0.004002458
295596,0.0,16.666666666666664,0.0,0.0,78.82,1,0.9441625
295625,0.0,25.0,0.0,0.0,79.41,0,0.13445923
295664,0.0,0.0,88.95705521472392,86.90095846645367,96.47,0,0.0015068911
295669,0.0,0.0,88.95705521472392,92.81150159744409,95.88,0,0.001053374
295738,0.0,0.0,0.0,0.0,90.0,0,0.004002458
296014,0.0,58.333333333333336,0.0,0.0,65.88,1,0.99496245
296225,0.0,16.666666666666664,89.2638036809816,92.33128834355828,87.65,0,0.018166646
296334,0.0,0.0,0.0,0.0,95.29,0,0.0071888342
296373,0.0,0.0,98.46625766871165,99.38650306748467,91.18,0,0.001101948
296587,0.0,0.0,89.57055214723927,91.05431309904152,90.0,0,0.0012468885
296763,0.0,8.333333333333332,0.0,0.0,85.88,1,0.9286611
296791,0.0,0.0,0.0,0.0,98.82,0,0.0031343992
296792,0.0,0.0,91.71779141104295,96.0122699386503,97.65,0,0.0008767529
297005,8.333333333333332,91.66666666666666,0.0,0.0,87.65,1,0.83762914
297062,8.333333333333332,91.66666666666666,84.3558282208589,84.66257668711657,69.41,1,0.99838054
297264,0.0,0.0,89.33333333333333,87.1111111111111,96.47,0,0.0012532079
297553,0.0,8.333333333333332,0.0,0.0,88.24,0,0.21039197
297699,0.0,8.333333333333332,0.0,0.0,87.65,0,0.010129312
297811,0.0,8.333333333333332,0.0,0.0,90.0,0,0.4512274
297869,0.0,33.33333333333333,0.0,0.0,82.35,1,0.9582082
297924,0.0,16.666666666666664,0.0,0.0,64.71,1,0.98185766
298406,8.333333333333332,8.333333333333332,0.0,0.0,91.18,1,0.67218214
298666,0.0,0.0,91.66666666666666,94.44444444444444,97.65,0,0.0008767529
298847,0.0,0.0,0.0,0.0,77.06,0,0.040118802
298924,0.0,0.0,0.0,0.0,100.0,0,0.002188314
298954,0.0,0.0,0.0,0.0,91.18,0,0.004002458
298960,0.0,0.0,0.0,0.0,94.12,0,0.006105911
299097,0.0,0.0,0.0,0.0,90.0,0,0.004002458
299114,0.0,66.66666666666666,93.55828220858896,91.21405750798722,94.71,1,0.91979927
299136,0.0,0.0,75.4601226993865,84.66453674121406,91.18,0,0.0035422693
299195,0.0,16.666666666666664,90.79754601226993,84.96932515337423,88.24,0,0.2787605
299276,8.333333333333332,41.66666666666667,73.92638036809815,68.05111821086261,82.94,1,0.9920196
299277,8.333333333333332,41.66666666666667,77.30061349693251,74.92012779552716,88.24,1,0.9092727
299435,0.0,0.0,0.0,0.0,84.71,0,0.02704845
299518,0.0,8.333333333333332,0.0,0.0,92.94,1,0.5210795
299579,0.0,0.0,91.16666666666666,89.33333333333333,92.35,0,0.0018410664
299581,0.0,0.0,94.78527607361963,96.0122699386503,88.24,0,0.0004843396
300190,0.0,0.0,73.16666666666667,74.8888888888889,88.82,0,0.0014442647
300487,0.0,0.0,0.0,0.0,58.82,0,0.21067064
300567,0.0,8.333333333333332,76.38036809815951,71.47239263803681,87.65,0,0.008069252
300657,0.0,8.333333333333332,0.0,0.0,91.18,0,0.4512274
300731,0.0,0.0,0.0,0.0,96.47,0,0.0030693468
300732,0.0,0.0,0.0,0.0,93.53,0,0.006105911
300890,0.0,0.0,0.0,0.0,88.24,0,0.0014205051
301127,0.0,0.0,0.0,0.0,97.06,0,0.0030693468
301133,0.0,0.0,0.0,0.0,97.65,0,0.0032320376
301160,0.0,0.0,0.0,0.0,92.35,0,0.0049957456
301324,0.0,8.333333333333332,79.0,75.44444444444444,91.18,0,0.28055015
301351,0.0,0.0,0.0,0.0,95.88,0,0.0030693468
301352,0.0,0.0,0.0,0.0,97.65,0,0.0032320376
301399,0.0,41.66666666666667,0.0,0.0,78.24,1,0.9543637
301434,0.0,41.66666666666667,94.78527607361963,96.00638977635782,91.18,1,0.51842946
301480,0.0,0.0,0.0,0.0,71.18,0,0.03625088
301595,0.0,0.0,0.0,0.0,97.06,0,0.0030693468
301624,0.0,0.0,0.0,0.0,90.59,0,0.004002458
301626,0.0,0.0,92.33128834355828,93.86503067484662,92.94,0,0.0014160082
301628,0.0,0.0,0.0,0.0,87.65,0,0.00019918599
301714,0.0,0.0,95.0920245398773,89.93610223642172,93.53,0,0.002698413
301720,0.0,0.0,0.0,0.0,83.53,0,0.079258606
301743,0.0,16.666666666666664,0.0,0.0,70.59,1,0.93803567
302064,0.0,0.0,79.66666666666666,78.66666666666666,97.06,0,0.002209033
302065,0.0,0.0,91.71779141104295,89.57055214723927,90.59,0,0.0015408965
302067,0.0,0.0,0.0,0.0,95.29,0,0.0071888342
302109,0.0,12.5,85.0,92.88888888888889,96.75,0,0.006928785
302169,0.0,0.0,0.0,0.0,88.24,0,0.0014205051
302225,0.0,25.0,0.0,0.0,72.46,0,0.12209736
302313,0.0,8.333333333333332,0.0,0.0,95.29,1,0.59703135
302420,8.333333333333332,0.0,87.42331288343557,93.25153374233128,88.17,0,0.005198494
302515,8.333333333333332,50.0,0.0,0.0,77.06,1,0.99720013
302567,0.0,16.666666666666664,0.0,0.0,54.12,1,0.97512245
302596,8.333333333333332,8.333333333333332,0.0,0.0,71.18,1,0.97262913
302656,8.333333333333332,0.0,87.11656441717791,86.1963190184049,53.85,0,0.07127668
302717,8.333333333333332,33.33333333333333,79.33333333333333,86.33333333333333,84.12,1,0.9748361
302722,7.6923076923076925,7.6923076923076925,0.0,0.0,70.0,1,0.96506137
302729,8.333333333333332,50.0,0.0,0.0,80.0,1,0.997045
302740,0.0,0.0,0.0,0.0,92.94,0,0.0052893586
302802,0.0,8.333333333333332,89.57055214723927,92.33128834355828,80.47,1,0.9060197
302855,0.0,18.181818181818183,85.2760736196319,80.3680981595092,70.59,0,0.12808515
302875,66.66666666666666,0.0,85.0,0.0,61.54,0,0.24073711
302938,8.333333333333332,25.0,87.42331288343557,85.78274760383387,84.12,0,0.32983217
302999,0.0,25.0,0.0,0.0,83.53,0,0.2119686
303110,8.333333333333332,41.66666666666667,0.0,0.0,93.53,1,0.95768785
303162,0.0,25.0,0.0,0.0,87.65,0,0.00051951996
303257,0.0,16.666666666666664,0.0,0.0,91.76,1,0.75379884
303290,0.0,0.0,0.0,0.0,90.59,0,0.004002458
303307,0.0,7.6923076923076925,0.0,0.0,14.71,1,0.9770389
303384,100.0,0.0,0.0,0.0,68.42,0,0.13748753
303390,0.0,0.0,0.0,0.0,91.76,0,0.004002458
303442,0.0,0.0,0.0,0.0,76.47,0,0.040118802
303502,0.0,0.0,0.0,0.0,95.92,0,0.0030693468
303511,0.0,16.666666666666664,0.0,0.0,94.71,1,0.8239641
303640,0.0,16.666666666666664,0.0,0.0,80.0,1,0.9441625
303659,30.76923076923077,38.46153846153847,0.0,0.0,88.24,1,0.98102623
303769,0.0,18.181818181818183,0.0,0.0,79.41,0,0.10142988
303789,0.0,33.33333333333333,0.0,0.0,84.12,1,0.8332383
303790,0.0,33.33333333333333,0.0,0.0,85.29,1,0.8332383
303923,8.333333333333332,58.333333333333336,0.0,0.0,94.12,1,0.99278474
303927,0.0,41.66666666666667,0.0,0.0,87.06,1,0.72290254
303961,0.0,41.66666666666667,0.0,0.0,90.59,1,0.65415055
303973,0.0,33.33333333333333,0.0,0.0,73.53,1,0.92818105
304001,100.0,0.0,0.0,0.0,0.0,0,0.22597359
304029,0.0,8.333333333333332,0.0,0.0,94.12,1,0.55693924
304043,0.0,8.333333333333332,0.0,0.0,88.24,0,0.21039197
304169,0.0,41.66666666666667,86.50306748466258,83.74233128834356,84.71,1,0.7141002
304404,0.0,18.181818181818183,83.43558282208589,84.66257668711657,88.76,0,0.0071985745
304417,0.0,0.0,0.0,0.0,91.18,0,0.004002458
304418,16.666666666666664,25.0,0.0,0.0,89.41,0,0.22007404
304420,0.0,16.666666666666664,0.0,0.0,80.59,1,0.9441625
304549,0.0,0.0,0.0,0.0,91.76,0,0.004002458
304832,0.0,8.333333333333332,0.0,0.0,81.18,1,0.96437097
304927,33.33333333333333,33.33333333333333,0.0,0.0,51.76,1,0.992596
304930,33.33333333333333,33.33333333333333,0.0,0.0,58.24,1,0.9941117
305080,0.0,0.0,0.0,0.0,92.35,0,0.0049957456
305190,0.0,41.66666666666667,0.0,0.0,75.29,1,0.9533043
305314,0.0,0.0,92.94478527607362,92.94478527607362,75.88,0,0.017197305
305316,0.0,0.0,93.86503067484662,92.33128834355828,75.88,0,0.018079448
305535,0.0,15.384615384615385,0.0,0.0,88.82,1,0.5533384
305662,16.666666666666664,33.33333333333333,0.0,0.0,94.71,1,0.97687954
305814,8.333333333333332,8.333333333333332,0.0,0.0,97.06,1,0.7276394
306073,0.0,25.0,83.43558282208589,78.75399361022363,87.65,0,0.0005714137
306186,0.0,0.0,0.0,0.0,88.82,0,0.0016480451
306236,0.0,0.0,88.95705521472392,93.55828220858896,90.59,0,0.0015252418
306352,0.0,33.33333333333333,0.0,0.0,74.12,1,0.92818105
306410,0.0,0.0,0.0,0.0,95.88,0,0.0030693468
306673,16.666666666666664,41.66666666666667,0.0,0.0,84.12,1,0.9836399
306786,0.0,0.0,94.1717791411043,90.79754601226993,86.47,0,0.0045605428
306872,0.0,0.0,0.0,0.0,0.0,0,0.16199034
307086,0.0,0.0,0.0,0.0,80.0,0,0.040320326
307345,0.0,0.0,0.0,0.0,57.65,0,0.18360332
307441,100.0,0.0,0.0,0.0,0.0,0,0.22597359
307515,0.0,8.333333333333332,0.0,0.0,72.35,1,0.9603686
307601,28.57142857142857,0.0,0.0,0.0,52.88,0,0.45758983
307726,0.0,25.0,0.0,0.0,58.82,0,0.3504244
307842,0.0,8.333333333333332,0.0,0.0,80.59,1,0.96437097
308165,0.0,8.333333333333332,0.0,0.0,87.06,0,0.4459623
308232,0.0,0.0,0.0,0.0,91.76,0,0.004002458
308346,16.666666666666664,25.0,0.0,0.0,77.65,0,0.36069718
308675,0.0,16.666666666666664,0.0,0.0,97.06,1,0.7011118
308771,33.33333333333333,33.33333333333333,0.0,0.0,65.88,1,0.9941117
309337,0.0,0.0,0.0,0.0,88.24,0,0.0014205051
309339,0.0,0.0,0.0,0.0,71.76,0,0.03625088
309545,0.0,0.0,0.0,0.0,91.18,0,0.004002458
309736,0.0,8.333333333333332,0.0,0.0,91.76,0,0.4512274
310041,0.0,33.33333333333333,0.0,0.0,86.47,1,0.7571192
310166,16.666666666666664,16.666666666666664,83.43558282208589,81.90184049079755,83.53,1,0.9798543
310346,0.0,0.0,0.0,0.0,71.76,0,0.03625088
310536,0.0,8.333333333333332,0.0,0.0,92.35,1,0.50674033
310748,66.66666666666666,33.33333333333333,0.0,0.0,33.33,1,0.982485
310754,0.0,0.0,0.0,0.0,86.47,0,0.017048305
311246,0.0,16.666666666666664,0.0,0.0,94.12,1,0.8239641
311396,0.0,0.0,0.0,0.0,81.76,0,0.079258606
311498,0.0,0.0,0.0,0.0,75.29,0,0.040118802
311559,33.33333333333333,66.66666666666666,84.66257668711657,81.28834355828221,96.38,1,0.98882806
311615,0.0,0.0,0.0,0.0,77.06,0,0.040118802
311755,0.0,0.0,0.0,0.0,91.18,0,0.004002458
311814,0.0,12.5,0.0,0.0,59.17,0,0.45425496
312281,0.0,41.66666666666667,0.0,0.0,94.12,1,0.7430337
312397,0.0,0.0,0.0,0.0,90.59,0,0.004002458
313296,0.0,0.0,0.0,0.0,71.18,0,0.03625088
313424,0.0,0.0,74.33333333333333,79.66666666666666,85.88,0,0.01658417
313527,0.0,14.285714285714285,0.0,0.0,77.89,1,0.939829
313542,0.0,33.33333333333333,0.0,0.0,90.0,1,0.59281397
313722,33.33333333333333,66.66666666666666,90.1840490797546,87.42331288343557,73.33,1,0.99343747
313751,8.333333333333332,0.0,0.0,0.0,94.71,0,0.028624913
313934,0.0,0.0,0.0,0.0,92.35,0,0.0049957456
314001,0.0,25.0,0.0,0.0,77.65,0,0.13385281
314236,0.0,0.0,0.0,0.0,77.06,0,0.040118802
314511,0.0,0.0,0.0,0.0,97.06,0,0.0030693468
314529,16.666666666666664,83.33333333333334,0.0,0.0,80.0,1,0.99790144
315044,0.0,8.333333333333332,0.0,0.0,78.82,1,0.96437097
315240,0.0,0.0,0.0,0.0,94.12,0,0.006105911
315275,66.66666666666666,0.0,0.0,0.0,64.29,0,0.27860573
315306,0.0,18.181818181818183,78.52760736196319,83.54632587859425,71.76,0,0.13632432
315381,0.0,75.0,0.0,0.0,88.24,1,0.7770136
315618,0.0,0.0,81.59509202453987,86.26198083067092,89.41,0,0.00261443
315890,0.0,0.0,0.0,0.0,92.35,0,0.0049957456
315911,0.0,0.0,0.0,0.0,82.94,0,0.079258606
316015,0.0,41.66666666666667,0.0,0.0,81.18,1,0.9535362
316052,0.0,8.333333333333332,0.0,0.0,74.71,1,0.9641912
316208,0.0,8.333333333333332,0.0,0.0,94.71,1,0.55693924
316250,8.333333333333332,8.333333333333332,0.0,0.0,82.94,1,0.98745465
316308,0.0,0.0,0.0,0.0,93.53,0,0.006105911
316371,0.0,16.666666666666664,0.0,0.0,87.06,1,0.7033887
316404,8.333333333333332,0.0,0.0,0.0,90.0,0,0.020908888
316572,8.333333333333332,25.0,0.0,0.0,78.24,0,0.31257516
316581,0.0,0.0,0.0,0.0,84.91,0,0.02704845
316582,33.33333333333333,58.333333333333336,0.0,0.0,86.47,1,0.99508035
316607,0.0,8.333333333333332,0.0,0.0,92.35,1,0.50674033
316617,8.333333333333332,0.0,81.90184049079755,88.03680981595092,94.12,0,0.049747102
316636,0.0,10.0,0.0,0.0,68.82,1,0.97297114
316844,0.0,0.0,77.0764119601329,85.88957055214725,97.65,0,0.0022591613
316845,0.0,0.0,0.0,0.0,98.82,0,0.0031343992
316928,0.0,45.45454545454545,0.0,0.0,81.76,1,0.97184193
316929,0.0,45.45454545454545,0.0,0.0,80.59,1,0.9513527
317091,0.0,8.333333333333332,82.51533742331289,79.71246006389777,80.0,1,0.95635384
317132,0.0,50.0,100.0,0.0,58.06,1,0.9895069
317468,0.0,8.333333333333332,73.00613496932516,75.4601226993865,85.8,1,0.8908447
317474,0.0,0.0,0.0,0.0,87.06,0,0.012397602
317490,0.0,16.666666666666664,0.0,0.0,88.82,1,0.5533384
317578,0.0,8.333333333333332,0.0,0.0,87.06,0,0.4459623
317609,8.333333333333332,41.66666666666667,0.0,0.0,85.29,1,0.9823152
317675,0.0,8.333333333333332,0.0,0.0,97.65,0,0.39884487
317692,0.0,8.333333333333332,0.0,0.0,91.18,0,0.4512274
318046,0.0,0.0,0.0,0.0,67.63,0,0.22885174
318075,8.333333333333332,25.0,0.0,0.0,73.53,0,0.30742893
318141,0.0,0.0,0.0,0.0,95.6,0,0.0037038815
318145,8.333333333333332,0.0,0.0,0.0,96.47,0,0.027071137
318170,7.6923076923076925,0.0,88.03680981595092,78.52760736196319,86.47,0,0.074673004
318329,0.0,14.285714285714285,0.0,88.65030674846625,72.62,1,0.93804896
318529,0.0,25.0,73.0,72.33333333333334,94.71,0,0.044547725
319131,0.0,0.0,0.0,0.0,84.71,0,0.02704845
319867,16.666666666666664,33.33333333333333,0.0,0.0,85.88,1,0.9745559
319955,0.0,0.0,0.0,0.0,84.71,0,0.02704845
320371,0.0,0.0,0.0,0.0,79.25,0,0.040320326
320973,0.0,0.0,95.0920245398773,97.85276073619632,96.23,0,0.0008325208
320974,0.0,0.0,87.73006134969326,83.70607028753993,97.48,0,0.0017239772
321394,8.333333333333332,8.333333333333332,0.0,0.0,90.57,1,0.67218214
321947,0.0,16.666666666666664,0.0,0.0,91.19,1,0.75379884
322260,0.0,0.0,98.46625766871165,97.44408945686901,96.86,0,0.0008325208
322304,0.0,0.0,0.0,0.0,90.57,0,0.004002458
322478,0.0,16.666666666666664,0.0,0.0,85.53,1,0.8820986
322641,0.0,16.666666666666664,0.0,0.0,73.58,1,0.9438866
323111,0.0,0.0,92.02453987730061,93.86503067484662,93.71,0,0.0020758277
323112,0.0,0.0,92.63803680981594,90.09584664536742,95.6,0,0.0013069671
323386,0.0,16.666666666666664,0.0,0.0,92.45,1,0.79276156
323609,0.0,16.666666666666664,0.0,0.0,95.6,1,0.73907197
323774,0.0,50.0,0.0,0.0,74.21,1,0.9871661
323833,0.0,0.0,0.0,0.0,82.39,0,0.079258606
323846,0.0,25.0,0.0,0.0,71.7,0,0.12209736
324248,0.0,0.0,0.0,0.0,100.0,0,0.002188314
325032,0.0,0.0,0.0,0.0,98.11,0,0.0031343992
325145,8.333333333333332,0.0,0.0,0.0,84.91,0,0.100418106
325241,0.0,0.0,0.0,0.0,98.74,0,0.0031343992
325504,0.0,0.0,0.0,0.0,88.68,0,0.0016480451
325543,0.0,0.0,0.0,0.0,72.96,0,0.040118802
325561,0.0,0.0,0.0,0.0,51.72,0,0.16199034
325699,0.0,0.0,0.0,0.0,95.6,0,0.0037038815
325912,0.0,0.0,0.0,0.0,68.55,0,0.057103828
325995,0.0,0.0,0.0,0.0,98.74,0,0.0031343992
326046,0.0,0.0,0.0,0.0,100.0,0,0.002188314
326131,0.0,50.0,0.0,0.0,96.23,1,0.86848795
326244,0.0,0.0,0.0,0.0,93.08,0,0.0052893586
326271,0.0,20.0,89.2638036809816,0.0,67.42,1,0.77674705
326361,0.0,0.0,0.0,0.0,61.64,0,0.21067064
326398,0.0,0.0,0.0,0.0,93.71,0,0.006105911
326427,8.333333333333332,25.0,94.1717791411043,88.65030674846625,94.97,0,0.31432843
326428,8.333333333333332,33.33333333333333,88.03680981595092,92.81150159744409,93.71,1,0.928524
326436,0.0,0.0,0.0,0.0,96.23,0,0.0030693468
326595,0.0,0.0,0.0,0.0,80.5,0,0.040320326
326748,0.0,0.0,77.60736196319019,77.91411042944786,89.31,0,0.003106652
326749,0.0,0.0,86.50306748466258,80.98159509202453,88.68,0,0.0010203035
326899,0.0,16.666666666666664,0.0,0.0,90.57,1,0.75379884
326902,0.0,0.0,0.0,0.0,81.13,0,0.041869774
326984,0.0,50.0,0.0,0.0,79.87,1,0.9864623
327011,0.0,0.0,0.0,0.0,92.45,0,0.0049957456
327025,0.0,0.0,0.0,0.0,59.75,0,0.21067064
327070,0.0,0.0,0.0,0.0,93.71,0,0.006105911
327088,18.181818181818183,0.0,0.0,0.0,82.39,0,0.1348282
327099,0.0,0.0,67.17791411042946,54.90797546012271,80.5,0,0.047049485
327101,0.0,0.0,0.0,0.0,82.39,0,0.079258606
327103,0.0,0.0,0.0,0.0,82.39,0,0.079258606
327121,0.0,0.0,0.0,0.0,79.87,0,0.040320326
327195,0.0,0.0,0.0,0.0,83.65,0,0.047358043
327202,0.0,9.090909090909092,0.0,0.0,92.45,1,0.50674033
327203,0.0,8.333333333333332,92.33128834355828,88.65030674846625,97.48,0,0.08492118
327226,8.333333333333332,0.0,59.0,51.22222222222222,95.6,0,0.119356364
327291,0.0,0.0,0.0,0.0,77.36,0,0.040118802
327348,0.0,45.45454545454545,80.3680981595092,81.90184049079755,64.78,1,0.9420698
327349,0.0,45.45454545454545,0.0,0.0,65.41,1,0.9830892
327368,0.0,9.090909090909092,0.0,0.0,93.71,1,0.55693924
327444,0.0,9.090909090909092,0.0,0.0,67.3,1,0.98853755
327445,0.0,0.0,0.0,0.0,79.25,0,0.040320326
327467,0.0,18.181818181818183,80.67484662576688,84.04907975460122,76.73,0,0.15097255
327483,0.0,0.0,0.0,0.0,91.82,0,0.004002458
327544,0.0,45.45454545454545,79.75460122699386,81.59509202453987,71.07,1,0.9265387
327563,0.0,0.0,0.0,0.0,97.48,0,0.0032320376
327735,0.0,0.0,0.0,0.0,93.08,0,0.0052893586
327774,9.090909090909092,45.45454545454545,0.0,0.0,77.71,1,0.989499
327822,9.090909090909092,27.27272727272727,80.33333333333333,86.44444444444444,86.79,1,0.9026756
327886,0.0,0.0,0.0,0.0,95.6,0,0.0037038815
327914,0.0,0.0,0.0,0.0,88.68,0,0.0016480451
328086,0.0,0.0,0.0,95.2076677316294,90.59,0,0.0013541307
328093,0.0,63.63636363636363,0.0,0.0,96.23,1,0.89088356
328112,0.0,0.0,0.0,0.0,88.68,0,0.0016480451
328184,0.0,0.0,0.0,0.0,88.68,0,0.0016480451
328207,0.0,36.36363636363637,0.0,0.0,88.68,0,0.37070394
328224,0.0,18.181818181818183,0.0,0.0,88.68,0,0.01068644
328292,0.0,0.0,0.0,0.0,87.79,0,0.0012347432
328322,0.0,27.27272727272727,0.0,0.0,77.99,1,0.78312945
328324,0.0,27.27272727272727,88.34355828220859,91.3738019169329,84.91,0,0.37986916
328430,0.0,0.0,0.0,0.0,93.71,0,0.006105911
328541,0.0,9.090909090909092,0.0,0.0,86.79,0,0.48954186
328553,18.181818181818183,0.0,0.0,0.0,70.44,0,0.07863245
328556,9.090909090909092,27.27272727272727,0.0,0.0,88.05,1,0.61109257
328579,0.0,10.0,92.33128834355828,93.29073482428115,96.86,0,0.058825564
328594,9.090909090909092,72.72727272727273,0.0,0.0,82.39,1,0.9984681
328649,0.0,0.0,0.0,0.0,89.31,0,0.004002458
328695,0.0,0.0,0.0,0.0,72.09,0,0.03625088
328767,0.0,0.0,0.0,0.0,79.87,0,0.040320326
329021,0.0,9.090909090909092,75.66666666666667,68.88888888888889,91.19,0,0.2785379
329069,0.0,9.090909090909092,0.0,0.0,77.36,1,0.9641912
329074,0.0,9.090909090909092,85.58282208588957,79.2332268370607,93.08,0,0.29913947
329093,0.0,9.090909090909092,0.0,0.0,80.5,1,0.96437097
329102,0.0,36.36363636363637,0.0,0.0,89.94,1,0.59281397
329133,0.0,18.181818181818183,0.0,0.0,89.31,0,0.025128745
329155,0.0,9.090909090909092,0.0,0.0,73.58,1,0.9641912
329235,0.0,9.090909090909092,0.0,0.0,91.82,0,0.4512274
329265,0.0,27.27272727272727,0.0,0.0,86.79,0,0.39520073
329349,0.0,0.0,0.0,0.0,97.48,0,0.0032320376
329473,0.0,45.45454545454545,0.0,0.0,62.26,1,0.9830892
329487,36.36363636363637,45.45454545454545,0.0,0.0,64.15,1,0.9917761
329492,27.27272727272727,18.181818181818183,0.0,0.0,79.87,0,0.36182266
329742,9.090909090909092,27.27272727272727,82.82208588957054,79.55271565495208,80.5,1,0.9656901
329889,18.181818181818183,36.36363636363637,0.0,0.0,76.73,1,0.9881996
329890,0.0,0.0,0.0,0.0,81.76,0,0.079258606
329891,0.0,9.090909090909092,0.0,0.0,74.84,1,0.9641912
329968,0.0,9.090909090909092,0.0,0.0,80.5,1,0.96437097
330000,0.0,0.0,0.0,0.0,75.47,0,0.040118802
330196,0.0,0.0,0.0,0.0,82.39,0,0.079258606
330276,0.0,9.090909090909092,0.0,0.0,89.94,0,0.4512274
330375,0.0,0.0,0.0,0.0,91.19,0,0.004002458
330389,0.0,18.181818181818183,0.0,0.0,94.34,0,0.039212115
330420,0.0,9.090909090909092,64.66666666666666,62.33333333333333,77.36,1,0.96629155
330429,0.0,72.72727272727273,0.0,0.0,47.8,1,0.9945241
330457,0.0,9.090909090909092,0.0,0.0,89.94,0,0.4512274
330477,0.0,0.0,96.62576687116564,96.0122699386503,95.6,0,0.0010050965
330478,0.0,0.0,0.0,0.0,58.0,0,0.18360332
330709,0.0,50.0,0.0,0.0,92.11,1,0.88842326
330745,0.0,0.0,0.0,0.0,59.12,0,0.21067064
330814,9.090909090909092,18.181818181818183,59.333333333333336,55.666666666666664,93.08,0,0.14083755
330876,0.0,0.0,0.0,0.0,86.79,0,0.014735993
330953,18.181818181818183,18.181818181818183,0.0,0.0,26.42,0,0.12585646
330954,18.181818181818183,18.181818181818183,0.0,0.0,26.42,0,0.12585646
331073,0.0,0.0,0.0,0.0,94.97,0,0.0071888342
331239,0.0,0.0,0.0,0.0,74.84,0,0.040118802
331307,0.0,18.181818181818183,0.0,0.0,72.33,0,0.0917826
331638,0.0,45.45454545454545,0.0,0.0,59.12,1,0.9830892
331704,0.0,9.090909090909092,0.0,0.0,95.6,0,0.4320385
331705,0.0,9.090909090909092,0.0,0.0,94.34,1,0.55693924
331830,0.0,54.54545454545454,89.87730061349694,81.629392971246,83.65,1,0.95870936
331901,0.0,9.090909090909092,0.0,0.0,89.31,0,0.4425608
331939,9.090909090909092,0.0,0.0,0.0,84.91,0,0.100418106
332142,18.181818181818183,18.181818181818183,0.0,0.0,81.13,0,0.1158646
332280,37.5,50.0,0.0,0.0,87.1,1,0.9517329
332392,0.0,45.45454545454545,0.0,0.0,92.45,1,0.6924924
332397,0.0,0.0,0.0,0.0,86.16,0,0.0232177
332558,9.090909090909092,45.45454545454545,0.0,0.0,86.16,1,0.98145777
332560,9.090909090909092,45.45454545454545,79.4478527607362,77.47603833865814,89.94,1,0.9656884
332596,0.0,0.0,0.0,0.0,84.91,0,0.02704845
332602,0.0,0.0,0.0,0.0,89.94,0,0.004002458
332647,0.0,27.27272727272727,0.0,0.0,59.62,1,0.97578
332740,18.181818181818183,9.090909090909092,0.0,0.0,66.04,1,0.9949239
332770,0.0,18.181818181818183,0.0,0.0,90.57,0,0.048769046
332773,12.5,0.0,0.0,0.0,71.43,0,0.090383835
332774,12.5,0.0,76.38036809815951,52.0,81.2,0,0.055955514
332784,12.5,0.0,61.33333333333333,0.0,82.35,0,0.23961121
333015,9.090909090909092,36.36363636363637,0.0,0.0,90.57,1,0.9651326
333322,0.0,0.0,0.0,0.0,68.55,0,0.30285314
333616,0.0,54.54545454545454,76.07361963190185,70.85889570552148,78.48,1,0.9971186
333636,0.0,27.27272727272727,0.0,0.0,66.46,1,0.9857168
333705,36.36363636363637,36.36363636363637,95.70552147239265,94.56869009584665,96.2,1,0.7667962
333706,36.36363636363637,36.36363636363637,69.0,76.11111111111111,84.81,1,0.9892218
333708,36.36363636363637,36.36363636363637,94.1717791411043,96.48562300319489,96.2,1,0.7667962
333756,0.0,0.0,0.0,0.0,95.57,0,0.01046598
333781,0.0,36.36363636363637,80.66666666666666,79.11111111111111,95.54,1,0.76721543
333783,0.0,36.36363636363637,76.07361963190185,80.67484662576688,91.14,1,0.7998828
333873,0.0,0.0,0.0,0.0,80.25,0,0.27667907
333939,0.0,18.181818181818183,83.12883435582822,82.51533742331289,87.26,0,0.19457997
334020,0.0,18.181818181818183,56.00000000000001,49.53488372093023,75.8,1,0.6131306
334089,0.0,0.0,0.0,0.0,96.18,0,0.01046598
334166,9.090909090909092,45.45454545454545,0.0,0.0,87.18,1,0.99643815
334292,0.0,18.181818181818183,0.0,0.0,90.38,0,0.07494696
334377,0.0,9.090909090909092,98.15950920245399,95.84664536741214,95.51,0,0.15730496
334378,0.0,9.090909090909092,93.0,93.0,99.36,0,0.1532686
334450,0.0,18.181818181818183,0.0,0.0,90.38,0,0.07494696
334573,0.0,0.0,0.0,0.0,83.87,0,0.20881571
334662,9.090909090909092,72.72727272727273,88.03680981595092,85.88957055214725,75.48,1,0.9993981
334712,66.66666666666666,0.0,0.0,0.0,10.26,1,0.6342994
334782,0.0,9.090909090909092,97.23926380368098,94.47852760736197,97.42,0,0.15730496
335125,66.66666666666666,0.0,0.0,0.0,63.64,1,0.6964619
335127,66.66666666666666,0.0,40.55555555555556,0.0,51.52,0,0.41112107
335603,0.0,0.0,56.00000000000001,48.95348837209303,83.77,1,0.59523195
335604,0.0,0.0,81.28834355828221,91.1042944785276,86.84,0,0.07330627
335966,0.0,0.0,0.0,0.0,36.36,1,0.5712081
336084,0.0,0.0,0.0,0.0,97.37,0,0.01046598
336116,0.0,0.0,0.0,0.0,89.33,0,0.013875419
336161,0.0,27.27272727272727,0.0,0.0,67.33,1,0.9857168
336408,0.0,9.090909090909092,0.0,0.0,73.83,1,0.9955112
336410,0.0,54.54545454545454,0.0,0.0,95.3,1,0.9619924
336510,0.0,0.0,0.0,0.0,80.41,0,0.3170734
336514,9.090909090909092,36.36363636363637,0.0,0.0,85.14,1,0.9962289
336920,0.0,0.0,88.95705521472392,91.71779141104295,92.09,0,0.006742147
336932,0.0,0.0,0.0,0.0,92.09,0,0.016791929
336986,0.0,45.45454545454545,44.666666666666664,25.853658536585368,78.42,1,0.9920426
337151,0.0,0.0,0.0,0.0,97.44,0,0.012675054
337230,0.0,18.181818181818183,74.5398773006135,83.43558282208589,76.47,1,0.67831546
